Domain Code,Domain,Area Code (M49),Area,Element Code,Element,Item Code,Item,Year Code,Year,Unit,Value,Flag,Flag Description,Note
"RL","Land Use","056","Belgium","5110","Area","6600","Country area","2019","2019","1000 ha","3068.9","A","Official figure",""
"RL","Land Use","056","Belgium","5110","Area","6600","Country area","2020","2020","1000 ha","3068.9","A","Official figure",""
"RL","Land Use","056","Belgium","5110","Area","6601","Land area","2019","2019","1000 ha","3049.4","A","Official figure",""
"RL","Land Use","056","Belgium","5110","Area","6601","Land area","2020","2020","1000 ha","3049.4","A","Official figure",""
"RL","Land Use","056","Belgium","5110","Area","6602","Agriculture","2019","2019","1000 ha","1356.4226","I","Imputed value",""
"RL","Land Use","056","Belgium","5110","Area","6602","Agriculture","2020","2020","1000 ha","1364.6093","I","Imputed value",""
"RL","Land Use","056","Belgium","5110","Area","6610","Agricultural land","2019","2019","1000 ha","1356","A","Official figure",""
"RL","Land Use","056","Belgium","7209","Share in Land area","6610","Agricultural land","2019","2019","%","44.47","A","Official figure",""
"RL","Land Use","056","Belgium","7278","Value of agricultural production (Int. $) per Area","6610","Agricultural land","2019","2019","USD_PPP/ha","6773.15","E","Estimated value",""
"RL","Land Use","056","Belgium","5110","Area","6610","Agricultural land","2020","2020","1000 ha","1364.6093","A","Official figure",""
"RL","Land Use","056","Belgium","7209","Share in Land area","6610","Agricultural land","2020","2020","%","44.75","A","Official figure",""
"RL","Land Use","056","Belgium","7278","Value of agricultural production (Int. $) per Area","6610","Agricultural land","2020","2020","USD_PPP/ha","6772.42","E","Estimated value",""
"RL","Land Use","056","Belgium","5110","Area","6620","Cropland","2019","2019","1000 ha","880.9587","A","Official figure",""
"RL","Land Use","056","Belgium","7208","Share in Agricultural land","6620","Cropland","2019","2019","%","64.97","A","Official figure",""
"RL","Land Use","056","Belgium","7209","Share in Land area","6620","Cropland","2019","2019","%","28.89","A","Official figure",""
"RL","Land Use","056","Belgium","7277","Area per capita","6620","Cropland","2019","2019","ha/cap","0.0765","E","Estimated value",""
"RL","Land Use","056","Belgium","5110","Area","6620","Cropland","2020","2020","1000 ha","888.4901","A","Official figure",""
"RL","Land Use","056","Belgium","7208","Share in Agricultural land","6620","Cropland","2020","2020","%","65.11","A","Official figure",""
"RL","Land Use","056","Belgium","7209","Share in Land area","6620","Cropland","2020","2020","%","29.14","A","Official figure",""
"RL","Land Use","056","Belgium","7277","Area per capita","6620","Cropland","2020","2020","ha/cap","0.0768","E","Estimated value",""
"RL","Land Use","056","Belgium","5110","Area","6621","Arable land","2019","2019","1000 ha","857.286","A","Official figure",""
"RL","Land Use","056","Belgium","7208","Share in Agricultural land","6621","Arable land","2019","2019","%","63.22","A","Official figure",""
"RL","Land Use","056","Belgium","5110","Area","6621","Arable land","2020","2020","1000 ha","864.8766","A","Official figure",""
"RL","Land Use","056","Belgium","7208","Share in Agricultural land","6621","Arable land","2020","2020","%","63.38","A","Official figure",""
"RL","Land Use","056","Belgium","5110","Area","6630","Temporary crops","2019","2019","1000 ha","751.6466","A","Official figure",""
"RL","Land Use","056","Belgium","5110","Area","6630","Temporary crops","2020","2020","1000 ha","754.4666","A","Official figure",""
"RL","Land Use","056","Belgium","5110","Area","6633","Temporary meadows and pastures","2019","2019","1000 ha","95.7919","A","Official figure",""
"RL","Land Use","056","Belgium","5110","Area","6633","Temporary meadows and pastures","2020","2020","1000 ha","93.94","A","Official figure",""
"RL","Land Use","056","Belgium","5110","Area","6640","Temporary fallow","2019","2019","1000 ha","9.8475","A","Official figure",""
"RL","Land Use","056","Belgium","5110","Area","6640","Temporary fallow","2020","2020","1000 ha","16.47","A","Official figure",""
"RL","Land Use","056","Belgium","5110","Area","6650","Permanent crops","2019","2019","1000 ha","23.6727","A","Official figure",""
"RL","Land Use","056","Belgium","7208","Share in Agricultural land","6650","Permanent crops","2019","2019","%","1.75","A","Official figure",""
"RL","Land Use","056","Belgium","5110","Area","6650","Permanent crops","2020","2020","1000 ha","23.6135","A","Official figure",""
"RL","Land Use","056","Belgium","7208","Share in Agricultural land","6650","Permanent crops","2020","2020","%","1.73","A","Official figure",""
"RL","Land Use","056","Belgium","5110","Area","6655","Permanent meadows and pastures","2019","2019","1000 ha","475.464","A","Official figure",""
"RL","Land Use","056","Belgium","7208","Share in Agricultural land","6655","Permanent meadows and pastures","2019","2019","%","35.06","A","Official figure",""
"RL","Land Use","056","Belgium","7209","Share in Land area","6655","Permanent meadows and pastures","2019","2019","%","15.59","A","Official figure",""
"RL","Land Use","056","Belgium","5110","Area","6655","Permanent meadows and pastures","2020","2020","1000 ha","476.1192","A","Official figure",""
"RL","Land Use","056","Belgium","7208","Share in Agricultural land","6655","Permanent meadows and pastures","2020","2020","%","34.89","A","Official figure",""
"RL","Land Use","056","Belgium","7209","Share in Land area","6655","Permanent meadows and pastures","2020","2020","%","15.61","A","Official figure",""
"RL","Land Use","056","Belgium","5110","Area","6646","Forest land","2019","2019","1000 ha","689.3","A","Official figure",""
"RL","Land Use","056","Belgium","72151","Carbon stock in living biomass","6646","Forest land","2019","2019","million t","71.8251","I","Imputed value",""
"RL","Land Use","056","Belgium","7209","Share in Land area","6646","Forest land","2019","2019","%","22.6","A","Official figure",""
"RL","Land Use","056","Belgium","5110","Area","6646","Forest land","2020","2020","1000 ha","689.3","A","Official figure",""
"RL","Land Use","056","Belgium","72151","Carbon stock in living biomass","6646","Forest land","2020","2020","million t","71.8251","I","Imputed value",""
"RL","Land Use","056","Belgium","7209","Share in Land area","6646","Forest land","2020","2020","%","22.6","A","Official figure",""
"RL","Land Use","056","Belgium","5110","Area","6717","Naturally regenerating forest","2019","2019","1000 ha","251.1","I","Imputed value",""
"RL","Land Use","056","Belgium","7210","Share in Forest land","6717","Naturally regenerating forest","2019","2019","%","36.43","E","Estimated value",""
"RL","Land Use","056","Belgium","5110","Area","6717","Naturally regenerating forest","2020","2020","1000 ha","251.1","I","Imputed value",""
"RL","Land Use","056","Belgium","7210","Share in Forest land","6717","Naturally regenerating forest","2020","2020","%","36.43","E","Estimated value",""
"RL","Land Use","056","Belgium","5110","Area","6716","Planted Forest","2019","2019","1000 ha","438.2","A","Official figure",""
"RL","Land Use","056","Belgium","7210","Share in Forest land","6716","Planted Forest","2019","2019","%","63.57","A","Official figure",""
"RL","Land Use","056","Belgium","5110","Area","6716","Planted Forest","2020","2020","1000 ha","438.2","A","Official figure",""
"RL","Land Use","056","Belgium","7210","Share in Forest land","6716","Planted Forest","2020","2020","%","63.57","A","Official figure",""
"RL","Land Use","056","Belgium","5110","Area","6670","Other land","2019","2019","1000 ha","1003.6774","I","Imputed value",""
"RL","Land Use","056","Belgium","5110","Area","6670","Other land","2020","2020","1000 ha","995.4907","I","Imputed value",""
"RL","Land Use","056","Belgium","5110","Area","6680","Inland waters","2019","2019","1000 ha","15.4","A","Official figure",""
"RL","Land Use","056","Belgium","5110","Area","6680","Inland waters","2020","2020","1000 ha","15.4","A","Official figure",""
"RL","Land Use","056","Belgium","5110","Area","6690","Land area equipped for irrigation","2019","2019","1000 ha","24","I","Imputed value",""
"RL","Land Use","056","Belgium","7252","Share in Cropland","6690","Land area equipped for irrigation","2019","2019","%","2.72","E","Estimated value",""
"RL","Land Use","056","Belgium","5110","Area","6690","Land area equipped for irrigation","2020","2020","1000 ha","24","I","Imputed value",""
"RL","Land Use","056","Belgium","7252","Share in Cropland","6690","Land area equipped for irrigation","2020","2020","%","2.7","E","Estimated value",""
"RL","Land Use","056","Belgium","5110","Area","6671","Agriculture area under organic agric.","2019","2019","1000 ha","93.1186","A","Official figure",""
"RL","Land Use","056","Belgium","7208","Share in Agricultural land","6671","Agriculture area under organic agric.","2019","2019","%","6.87","A","Official figure",""
"RL","Land Use","056","Belgium","5110","Area","6671","Agriculture area under organic agric.","2020","2020","1000 ha","99.072","A","Official figure",""
"RL","Land Use","056","Belgium","7208","Share in Agricultural land","6671","Agriculture area under organic agric.","2020","2020","%","7.26","A","Official figure",""
"RL","Land Use","056","Belgium","5110","Area","6672","Agriculture area certified organic","2019","2019","1000 ha","78.3231","A","Official figure",""
"RL","Land Use","056","Belgium","5110","Area","6672","Agriculture area certified organic","2020","2020","1000 ha","85.525","A","Official figure",""
"RL","Land Use","056","Belgium","5110","Area","6668","Cropland area under organic agric.","2019","2019","1000 ha","33.5769","A","Official figure",""
"RL","Land Use","056","Belgium","5110","Area","6668","Cropland area under organic agric.","2020","2020","1000 ha","37.428","A","Official figure",""
"RL","Land Use","056","Belgium","5110","Area","6669","Cropland area certified organic","2019","2019","1000 ha","27.0982","A","Official figure",""
"RL","Land Use","056","Belgium","5110","Area","6669","Cropland area certified organic","2020","2020","1000 ha","30.926","A","Official figure",""
"RL","Land Use","056","Belgium","5110","Area","6681","Perm. meadows & pastures area under organic agric.","2019","2019","1000 ha","58.1232","A","Official figure",""
"RL","Land Use","056","Belgium","5110","Area","6681","Perm. meadows & pastures area under organic agric.","2020","2020","1000 ha","61.644","A","Official figure",""
"RL","Land Use","056","Belgium","5110","Area","6682","Perm. meadows & pastures area certified organic","2019","2019","1000 ha","50.3373","A","Official figure",""
"RL","Land Use","056","Belgium","5110","Area","6682","Perm. meadows & pastures area certified organic","2020","2020","1000 ha","54.599","A","Official figure",""
"RL","Land Use","250","France","5110","Area","6600","Country area","2019","2019","1000 ha","54908.7","A","Official figure",""
"RL","Land Use","250","France","5110","Area","6600","Country area","2020","2020","1000 ha","54908.687","A","Official figure",""
"RL","Land Use","250","France","5110","Area","6601","Land area","2019","2019","1000 ha","54755.7","I","Imputed value",""
"RL","Land Use","250","France","5110","Area","6601","Land area","2020","2020","1000 ha","54755.7","I","Imputed value",""
"RL","Land Use","250","France","5110","Area","6602","Agriculture","2019","2019","1000 ha","28518.8491","I","Imputed value",""
"RL","Land Use","250","France","5110","Area","6602","Agriculture","2020","2020","1000 ha","28524.113","I","Imputed value",""
"RL","Land Use","250","France","5110","Area","6610","Agricultural land","2019","2019","1000 ha","28518.8491","B","Time series break",""
"RL","Land Use","250","France","7209","Share in Land area","6610","Agricultural land","2019","2019","%","52.08","E","Estimated value",""
"RL","Land Use","250","France","7278","Value of agricultural production (Int. $) per Area","6610","Agricultural land","2019","2019","USD_PPP/ha","2022.63","E","Estimated value",""
"RL","Land Use","250","France","5110","Area","6610","Agricultural land","2020","2020","1000 ha","28524.113","A","Official figure",""
"RL","Land Use","250","France","7209","Share in Land area","6610","Agricultural land","2020","2020","%","52.09","E","Estimated value",""
"RL","Land Use","250","France","7278","Value of agricultural production (Int. $) per Area","6610","Agricultural land","2020","2020","USD_PPP/ha","1934.06","E","Estimated value",""
"RL","Land Use","250","France","5110","Area","6620","Cropland","2019","2019","1000 ha","18973.0991","I","Imputed value",""
"RL","Land Use","250","France","7208","Share in Agricultural land","6620","Cropland","2019","2019","%","66.53","E","Estimated value",""
"RL","Land Use","250","France","7209","Share in Land area","6620","Cropland","2019","2019","%","34.65","E","Estimated value",""
"RL","Land Use","250","France","7277","Area per capita","6620","Cropland","2019","2019","ha/cap","0.2946","E","Estimated value",""
"RL","Land Use","250","France","5110","Area","6620","Cropland","2020","2020","1000 ha","19772.376","A","Official figure",""
"RL","Land Use","250","France","7208","Share in Agricultural land","6620","Cropland","2020","2020","%","69.32","A","Official figure",""
"RL","Land Use","250","France","7209","Share in Land area","6620","Cropland","2020","2020","%","36.11","E","Estimated value",""
"RL","Land Use","250","France","7277","Area per capita","6620","Cropland","2020","2020","ha/cap","0.3066","E","Estimated value",""
"RL","Land Use","250","France","5110","Area","6621","Arable land","2019","2019","1000 ha","17942.7855","A","Official figure",""
"RL","Land Use","250","France","7208","Share in Agricultural land","6621","Arable land","2019","2019","%","62.92","E","Estimated value",""
"RL","Land Use","250","France","5110","Area","6621","Arable land","2020","2020","1000 ha","18735.529","A","Official figure",""
"RL","Land Use","250","France","7208","Share in Agricultural land","6621","Arable land","2020","2020","%","65.68","A","Official figure",""
"RL","Land Use","250","France","5110","Area","6630","Temporary crops","2019","2019","1000 ha","15221.4428","I","Imputed value",""
"RL","Land Use","250","France","5110","Area","6630","Temporary crops","2020","2020","1000 ha","15962.342","I","Imputed value",""
"RL","Land Use","250","France","5110","Area","6633","Temporary meadows and pastures","2019","2019","1000 ha","2305.4705","A","Official figure",""
"RL","Land Use","250","France","5110","Area","6633","Temporary meadows and pastures","2020","2020","1000 ha","2330.436","A","Official figure",""
"RL","Land Use","250","France","5110","Area","6640","Temporary fallow","2019","2019","1000 ha","415.8722","A","Official figure",""
"RL","Land Use","250","France","5110","Area","6640","Temporary fallow","2020","2020","1000 ha","442.751","A","Official figure",""
"RL","Land Use","250","France","5110","Area","6650","Permanent crops","2019","2019","1000 ha","1030.3136","B","Time series break",""
"RL","Land Use","250","France","7208","Share in Agricultural land","6650","Permanent crops","2019","2019","%","3.61","E","Estimated value",""
"RL","Land Use","250","France","5110","Area","6650","Permanent crops","2020","2020","1000 ha","1036.847","A","Official figure",""
"RL","Land Use","250","France","7208","Share in Agricultural land","6650","Permanent crops","2020","2020","%","3.63","A","Official figure",""
"RL","Land Use","250","France","5110","Area","6655","Permanent meadows and pastures","2019","2019","1000 ha","9545.75","A","Official figure",""
"RL","Land Use","250","France","7208","Share in Agricultural land","6655","Permanent meadows and pastures","2019","2019","%","33.47","E","Estimated value",""
"RL","Land Use","250","France","7209","Share in Land area","6655","Permanent meadows and pastures","2019","2019","%","17.43","E","Estimated value",""
"RL","Land Use","250","France","5110","Area","6655","Permanent meadows and pastures","2020","2020","1000 ha","8751.737","B","Time series break",""
"RL","Land Use","250","France","7208","Share in Agricultural land","6655","Permanent meadows and pastures","2020","2020","%","30.68","E","Estimated value",""
"RL","Land Use","250","France","7209","Share in Land area","6655","Permanent meadows and pastures","2020","2020","%","15.98","E","Estimated value",""
"RL","Land Use","250","France","5110","Area","6646","Forest land","2019","2019","1000 ha","17169.6","A","Official figure",""
"RL","Land Use","250","France","72151","Carbon stock in living biomass","6646","Forest land","2019","2019","million t","1407.9072","A","Official figure",""
"RL","Land Use","250","France","7209","Share in Land area","6646","Forest land","2019","2019","%","31.36","E","Estimated value",""
"RL","Land Use","250","France","5110","Area","6646","Forest land","2020","2020","1000 ha","17253","A","Official figure",""
"RL","Land Use","250","France","72151","Carbon stock in living biomass","6646","Forest land","2020","2020","million t","1425.0978","A","Official figure",""
"RL","Land Use","250","France","7209","Share in Land area","6646","Forest land","2020","2020","%","31.51","E","Estimated value",""
"RL","Land Use","250","France","5110","Area","6717","Naturally regenerating forest","2019","2019","1000 ha","14770.6","I","Imputed value",""
"RL","Land Use","250","France","7210","Share in Forest land","6717","Naturally regenerating forest","2019","2019","%","86.03","E","Estimated value",""
"RL","Land Use","250","France","5110","Area","6717","Naturally regenerating forest","2020","2020","1000 ha","14819","A","Official figure",""
"RL","Land Use","250","France","7210","Share in Forest land","6717","Naturally regenerating forest","2020","2020","%","85.89","A","Official figure",""
"RL","Land Use","250","France","5110","Area","6716","Planted Forest","2019","2019","1000 ha","2399","A","Official figure",""
"RL","Land Use","250","France","7210","Share in Forest land","6716","Planted Forest","2019","2019","%","13.97","A","Official figure",""
"RL","Land Use","250","France","5110","Area","6716","Planted Forest","2020","2020","1000 ha","2434","A","Official figure",""
"RL","Land Use","250","France","7210","Share in Forest land","6716","Planted Forest","2020","2020","%","14.11","A","Official figure",""
"RL","Land Use","250","France","5110","Area","6670","Other land","2019","2019","1000 ha","9067.2509","I","Imputed value",""
"RL","Land Use","250","France","5110","Area","6670","Other land","2020","2020","1000 ha","8978.587","I","Imputed value",""
"RL","Land Use","250","France","5110","Area","6680","Inland waters","2019","2019","1000 ha","153","I","Imputed value",""
"RL","Land Use","250","France","5110","Area","6680","Inland waters","2020","2020","1000 ha","153","I","Imputed value",""
"RL","Land Use","250","France","5110","Area","6690","Land area equipped for irrigation","2019","2019","1000 ha","2822.7","I","Imputed value",""
"RL","Land Use","250","France","7252","Share in Cropland","6690","Land area equipped for irrigation","2019","2019","%","14.88","E","Estimated value",""
"RL","Land Use","250","France","5110","Area","6690","Land area equipped for irrigation","2020","2020","1000 ha","2867","A","Official figure",""
"RL","Land Use","250","France","7252","Share in Cropland","6690","Land area equipped for irrigation","2020","2020","%","14.5","A","Official figure",""
"RL","Land Use","250","France","5110","Area","6694","Cropland area actually irrigated","2020","2020","1000 ha","1772","A","Official figure",""
"RL","Land Use","250","France","5110","Area","6657","Perm. meadows & pastures area actually irrig.","2020","2020","1000 ha","54","A","Official figure",""
"RL","Land Use","250","France","5110","Area","6671","Agriculture area under organic agric.","2019","2019","1000 ha","2241","A","Official figure",""
"RL","Land Use","250","France","7208","Share in Agricultural land","6671","Agriculture area under organic agric.","2019","2019","%","7.86","E","Estimated value",""
"RL","Land Use","250","France","5110","Area","6671","Agriculture area under organic agric.","2020","2020","1000 ha","2517","A","Official figure",""
"RL","Land Use","250","France","7208","Share in Agricultural land","6671","Agriculture area under organic agric.","2020","2020","%","8.82","A","Official figure",""
"RL","Land Use","250","France","5110","Area","6672","Agriculture area certified organic","2019","2019","1000 ha","1675.771","A","Official figure",""
"RL","Land Use","250","France","5110","Area","6672","Agriculture area certified organic","2020","2020","1000 ha","1934","A","Official figure",""
"RL","Land Use","250","France","5110","Area","6668","Cropland area under organic agric.","2019","2019","1000 ha","1422.613","A","Official figure",""
"RL","Land Use","250","France","5110","Area","6668","Cropland area under organic agric.","2020","2020","1000 ha","1638","A","Official figure",""
"RL","Land Use","250","France","5110","Area","6669","Cropland area certified organic","2019","2019","1000 ha","1016.446","A","Official figure",""
"RL","Land Use","250","France","5110","Area","6669","Cropland area certified organic","2020","2020","1000 ha","1191","A","Official figure",""
"RL","Land Use","250","France","5110","Area","6681","Perm. meadows & pastures area under organic agric.","2019","2019","1000 ha","818.387","A","Official figure",""
"RL","Land Use","250","France","5110","Area","6681","Perm. meadows & pastures area under organic agric.","2020","2020","1000 ha","879","A","Official figure",""
"RL","Land Use","250","France","5110","Area","6682","Perm. meadows & pastures area certified organic","2019","2019","1000 ha","659.325","A","Official figure",""
"RL","Land Use","250","France","5110","Area","6682","Perm. meadows & pastures area certified organic","2020","2020","1000 ha","743","A","Official figure",""
"RL","Land Use","250","France","5110","Area","6664","Cropland area under conventional tillage","2020","2020","1000 ha","2087","A","Official figure",""
"RL","Land Use","250","France","5110","Area","6665","Cropland area under conservation tillage","2020","2020","1000 ha","1765","A","Official figure",""
"RL","Land Use","250","France","5110","Area","6666","Cropland area under zero or no tillage","2020","2020","1000 ha","271","A","Official figure",""
"RL","Land Use","276","Germany","5110","Area","6600","Country area","2019","2019","1000 ha","35758","A","Official figure",""
"RL","Land Use","276","Germany","5110","Area","6600","Country area","2020","2020","1000 ha","35759","A","Official figure",""
"RL","Land Use","276","Germany","5110","Area","6601","Land area","2019","2019","1000 ha","34939","A","Official figure",""
"RL","Land Use","276","Germany","5110","Area","6601","Land area","2020","2020","1000 ha","34939","A","Official figure",""
"RL","Land Use","276","Germany","5110","Area","6602","Agriculture","2019","2019","1000 ha","18311","A","Official figure",""
"RL","Land Use","276","Germany","5110","Area","6602","Agriculture","2020","2020","1000 ha","18314","A","Official figure",""
"RL","Land Use","276","Germany","5110","Area","6610","Agricultural land","2019","2019","1000 ha","16666","A","Official figure",""
"RL","Land Use","276","Germany","7209","Share in Land area","6610","Agricultural land","2019","2019","%","47.7","A","Official figure",""
"RL","Land Use","276","Germany","7278","Value of agricultural production (Int. $) per Area","6610","Agricultural land","2019","2019","USD_PPP/ha","3016.76","E","Estimated value",""
"RL","Land Use","276","Germany","5110","Area","6610","Agricultural land","2020","2020","1000 ha","16595","A","Official figure",""
"RL","Land Use","276","Germany","7209","Share in Land area","6610","Agricultural land","2020","2020","%","47.5","A","Official figure",""
"RL","Land Use","276","Germany","7278","Value of agricultural production (Int. $) per Area","6610","Agricultural land","2020","2020","USD_PPP/ha","3062.85","E","Estimated value",""
"RL","Land Use","276","Germany","5110","Area","6620","Cropland","2019","2019","1000 ha","11913","A","Official figure",""
"RL","Land Use","276","Germany","7208","Share in Agricultural land","6620","Cropland","2019","2019","%","71.48","A","Official figure",""
"RL","Land Use","276","Germany","7209","Share in Land area","6620","Cropland","2019","2019","%","34.1","A","Official figure",""
"RL","Land Use","276","Germany","7277","Area per capita","6620","Cropland","2019","2019","ha/cap","0.1433","E","Estimated value",""
"RL","Land Use","276","Germany","5110","Area","6620","Cropland","2020","2020","1000 ha","11862","A","Official figure",""
"RL","Land Use","276","Germany","7208","Share in Agricultural land","6620","Cropland","2020","2020","%","71.48","A","Official figure",""
"RL","Land Use","276","Germany","7209","Share in Land area","6620","Cropland","2020","2020","%","33.95","A","Official figure",""
"RL","Land Use","276","Germany","7277","Area per capita","6620","Cropland","2020","2020","ha/cap","0.1424","E","Estimated value",""
"RL","Land Use","276","Germany","5110","Area","6621","Arable land","2019","2019","1000 ha","11714","A","Official figure",""
"RL","Land Use","276","Germany","7208","Share in Agricultural land","6621","Arable land","2019","2019","%","70.29","A","Official figure",""
"RL","Land Use","276","Germany","5110","Area","6621","Arable land","2020","2020","1000 ha","11664","A","Official figure",""
"RL","Land Use","276","Germany","7208","Share in Agricultural land","6621","Arable land","2020","2020","%","70.29","A","Official figure",""
"RL","Land Use","276","Germany","5110","Area","6630","Temporary crops","2019","2019","1000 ha","8387","A","Official figure",""
"RL","Land Use","276","Germany","5110","Area","6630","Temporary crops","2020","2020","1000 ha","8213","A","Official figure",""
"RL","Land Use","276","Germany","5110","Area","6633","Temporary meadows and pastures","2019","2019","1000 ha","2976","A","Official figure",""
"RL","Land Use","276","Germany","5110","Area","6633","Temporary meadows and pastures","2020","2020","1000 ha","3093","A","Official figure",""
"RL","Land Use","276","Germany","5110","Area","6640","Temporary fallow","2019","2019","1000 ha","350","A","Official figure",""
"RL","Land Use","276","Germany","5110","Area","6640","Temporary fallow","2020","2020","1000 ha","358","A","Official figure",""
"RL","Land Use","276","Germany","5110","Area","6650","Permanent crops","2019","2019","1000 ha","200","A","Official figure",""
"RL","Land Use","276","Germany","7208","Share in Agricultural land","6650","Permanent crops","2019","2019","%","1.2","A","Official figure",""
"RL","Land Use","276","Germany","5110","Area","6650","Permanent crops","2020","2020","1000 ha","198","A","Official figure",""
"RL","Land Use","276","Germany","7208","Share in Agricultural land","6650","Permanent crops","2020","2020","%","1.19","A","Official figure",""
"RL","Land Use","276","Germany","5110","Area","6655","Permanent meadows and pastures","2019","2019","1000 ha","4751","A","Official figure",""
"RL","Land Use","276","Germany","7208","Share in Agricultural land","6655","Permanent meadows and pastures","2019","2019","%","28.51","A","Official figure",""
"RL","Land Use","276","Germany","7209","Share in Land area","6655","Permanent meadows and pastures","2019","2019","%","13.6","A","Official figure",""
"RL","Land Use","276","Germany","5110","Area","6655","Permanent meadows and pastures","2020","2020","1000 ha","4730","A","Official figure",""
"RL","Land Use","276","Germany","7208","Share in Agricultural land","6655","Permanent meadows and pastures","2020","2020","%","28.5","A","Official figure",""
"RL","Land Use","276","Germany","7209","Share in Land area","6655","Permanent meadows and pastures","2020","2020","%","13.54","A","Official figure",""
"RL","Land Use","276","Germany","5110","Area","6646","Forest land","2019","2019","1000 ha","11419","A","Official figure",""
"RL","Land Use","276","Germany","72151","Carbon stock in living biomass","6646","Forest land","2019","2019","million t","1211.3275","A","Official figure",""
"RL","Land Use","276","Germany","7209","Share in Land area","6646","Forest land","2019","2019","%","32.68","A","Official figure",""
"RL","Land Use","276","Germany","5110","Area","6646","Forest land","2020","2020","1000 ha","11419","A","Official figure",""
"RL","Land Use","276","Germany","72151","Carbon stock in living biomass","6646","Forest land","2020","2020","million t","1221.9472","A","Official figure",""
"RL","Land Use","276","Germany","7209","Share in Land area","6646","Forest land","2020","2020","%","32.68","A","Official figure",""
"RL","Land Use","276","Germany","5110","Area","6717","Naturally regenerating forest","2019","2019","1000 ha","5709.5","A","Official figure",""
"RL","Land Use","276","Germany","7210","Share in Forest land","6717","Naturally regenerating forest","2019","2019","%","50","A","Official figure",""
"RL","Land Use","276","Germany","5110","Area","6717","Naturally regenerating forest","2020","2020","1000 ha","5709.5","A","Official figure",""
"RL","Land Use","276","Germany","7210","Share in Forest land","6717","Naturally regenerating forest","2020","2020","%","50","A","Official figure",""
"RL","Land Use","276","Germany","5110","Area","6716","Planted Forest","2019","2019","1000 ha","5709.5","A","Official figure",""
"RL","Land Use","276","Germany","7210","Share in Forest land","6716","Planted Forest","2019","2019","%","50","A","Official figure",""
"RL","Land Use","276","Germany","5110","Area","6716","Planted Forest","2020","2020","1000 ha","5709.5","A","Official figure",""
"RL","Land Use","276","Germany","7210","Share in Forest land","6716","Planted Forest","2020","2020","%","50","A","Official figure",""
"RL","Land Use","276","Germany","5110","Area","6670","Other land","2019","2019","1000 ha","5209","I","Imputed value",""
"RL","Land Use","276","Germany","5110","Area","6670","Other land","2020","2020","1000 ha","5206","I","Imputed value",""
"RL","Land Use","276","Germany","5110","Area","6680","Inland waters","2019","2019","1000 ha","786","A","Official figure",""
"RL","Land Use","276","Germany","5110","Area","6680","Inland waters","2020","2020","1000 ha","786","A","Official figure",""
"RL","Land Use","276","Germany","5110","Area","6773","Coastal waters","2019","2019","1000 ha","34","A","Official figure",""
"RL","Land Use","276","Germany","5110","Area","6773","Coastal waters","2020","2020","1000 ha","34","A","Official figure",""
"RL","Land Use","276","Germany","5110","Area","6690","Land area equipped for irrigation","2019","2019","1000 ha","676.4","I","Imputed value",""
"RL","Land Use","276","Germany","7252","Share in Cropland","6690","Land area equipped for irrigation","2019","2019","%","5.68","E","Estimated value",""
"RL","Land Use","276","Germany","5110","Area","6690","Land area equipped for irrigation","2020","2020","1000 ha","676.4","I","Imputed value",""
"RL","Land Use","276","Germany","7252","Share in Cropland","6690","Land area equipped for irrigation","2020","2020","%","5.7","E","Estimated value",""
"RL","Land Use","276","Germany","5110","Area","6611","Agriculture area actually irrigated","2020","2020","1000 ha","506.5","A","Official figure",""
"RL","Land Use","276","Germany","7208","Share in Agricultural land","6611","Agriculture area actually irrigated","2020","2020","%","3.05","A","Official figure",""
"RL","Land Use","276","Germany","5110","Area","6671","Agriculture area under organic agric.","2019","2019","1000 ha","1290.8","A","Official figure",""
"RL","Land Use","276","Germany","7208","Share in Agricultural land","6671","Agriculture area under organic agric.","2019","2019","%","7.75","A","Official figure",""
"RL","Land Use","276","Germany","5110","Area","6671","Agriculture area under organic agric.","2020","2020","1000 ha","1592.7","A","Official figure",""
"RL","Land Use","276","Germany","7208","Share in Agricultural land","6671","Agriculture area under organic agric.","2020","2020","%","9.6","A","Official figure",""
"RL","Land Use","276","Germany","5110","Area","6668","Cropland area under organic agric.","2019","2019","1000 ha","570.1","A","Official figure",""
"RL","Land Use","276","Germany","5110","Area","6668","Cropland area under organic agric.","2020","2020","1000 ha","734","A","Official figure",""
"RL","Land Use","276","Germany","5110","Area","6681","Perm. meadows & pastures area under organic agric.","2019","2019","1000 ha","698.8","A","Official figure",""
"RL","Land Use","276","Germany","5110","Area","6681","Perm. meadows & pastures area under organic agric.","2020","2020","1000 ha","834.2","A","Official figure",""
"RL","Land Use","276","Germany","5110","Area","6774","Cropland area under protective cover","2020","2020","1000 ha","5.6","A","Official figure",""
"RL","Land Use","276","Germany","5110","Area","6762","Land used for aquaculture","2020","2020","1000 ha","0.0067","A","Official figure",""
"RL","Land Use","276","Germany","5110","Area","6767","Inland waters used for aquac. or holding facilities","2020","2020","1000 ha","22.625","A","Official figure",""
"RL","Land Use","276","Germany","5110","Area","6641","Coastal waters used for aquac. or holding facilities","2020","2020","1000 ha","3.097","A","Official figure",""
"RL","Land Use","528","Netherlands (Kingdom of the)","5110","Area","6600","Country area","2019","2019","1000 ha","4154","A","Official figure",""
"RL","Land Use","528","Netherlands (Kingdom of the)","5110","Area","6600","Country area","2020","2020","1000 ha","4154","A","Official figure",""
"RL","Land Use","528","Netherlands (Kingdom of the)","5110","Area","6601","Land area","2019","2019","1000 ha","3367","I","Imputed value",""
"RL","Land Use","528","Netherlands (Kingdom of the)","5110","Area","6601","Land area","2020","2020","1000 ha","3367","I","Imputed value",""
"RL","Land Use","528","Netherlands (Kingdom of the)","5110","Area","6602","Agriculture","2019","2019","1000 ha","1816.8","I","Imputed value",""
"RL","Land Use","528","Netherlands (Kingdom of the)","5110","Area","6602","Agriculture","2020","2020","1000 ha","1814.45","I","Imputed value",""
"RL","Land Use","528","Netherlands (Kingdom of the)","5110","Area","6610","Agricultural land","2019","2019","1000 ha","1816.8","A","Official figure",""
"RL","Land Use","528","Netherlands (Kingdom of the)","7209","Share in Land area","6610","Agricultural land","2019","2019","%","53.96","E","Estimated value",""
"RL","Land Use","528","Netherlands (Kingdom of the)","7278","Value of agricultural production (Int. $) per Area","6610","Agricultural land","2019","2019","USD_PPP/ha","10007.64","E","Estimated value",""
"RL","Land Use","528","Netherlands (Kingdom of the)","5110","Area","6610","Agricultural land","2020","2020","1000 ha","1814.45","A","Official figure",""
"RL","Land Use","528","Netherlands (Kingdom of the)","7209","Share in Land area","6610","Agricultural land","2020","2020","%","53.89","E","Estimated value",""
"RL","Land Use","528","Netherlands (Kingdom of the)","7278","Value of agricultural production (Int. $) per Area","6610","Agricultural land","2020","2020","USD_PPP/ha","10178.57","E","Estimated value",""
"RL","Land Use","528","Netherlands (Kingdom of the)","5110","Area","6620","Cropland","2019","2019","1000 ha","1048.8","A","Official figure",""
"RL","Land Use","528","Netherlands (Kingdom of the)","7208","Share in Agricultural land","6620","Cropland","2019","2019","%","57.73","A","Official figure",""
"RL","Land Use","528","Netherlands (Kingdom of the)","7209","Share in Land area","6620","Cropland","2019","2019","%","31.15","E","Estimated value",""
"RL","Land Use","528","Netherlands (Kingdom of the)","7277","Area per capita","6620","Cropland","2019","2019","ha/cap","0.0604","E","Estimated value",""
"RL","Land Use","528","Netherlands (Kingdom of the)","5110","Area","6620","Cropland","2020","2020","1000 ha","1042.04","A","Official figure",""
"RL","Land Use","528","Netherlands (Kingdom of the)","7208","Share in Agricultural land","6620","Cropland","2020","2020","%","57.43","A","Official figure",""
"RL","Land Use","528","Netherlands (Kingdom of the)","7209","Share in Land area","6620","Cropland","2020","2020","%","30.95","E","Estimated value",""
"RL","Land Use","528","Netherlands (Kingdom of the)","7277","Area per capita","6620","Cropland","2020","2020","ha/cap","0.0598","E","Estimated value",""
"RL","Land Use","528","Netherlands (Kingdom of the)","5110","Area","6621","Arable land","2019","2019","1000 ha","1011.1","A","Official figure",""
"RL","Land Use","528","Netherlands (Kingdom of the)","7208","Share in Agricultural land","6621","Arable land","2019","2019","%","55.65","A","Official figure",""
"RL","Land Use","528","Netherlands (Kingdom of the)","5110","Area","6621","Arable land","2020","2020","1000 ha","1004.83","A","Official figure",""
"RL","Land Use","528","Netherlands (Kingdom of the)","7208","Share in Agricultural land","6621","Arable land","2020","2020","%","55.38","A","Official figure",""
"RL","Land Use","528","Netherlands (Kingdom of the)","5110","Area","6630","Temporary crops","2019","2019","1000 ha","787.2","A","Official figure",""
"RL","Land Use","528","Netherlands (Kingdom of the)","5110","Area","6630","Temporary crops","2020","2020","1000 ha","790.84","A","Official figure",""
"RL","Land Use","528","Netherlands (Kingdom of the)","5110","Area","6633","Temporary meadows and pastures","2019","2019","1000 ha","216","A","Official figure",""
"RL","Land Use","528","Netherlands (Kingdom of the)","5110","Area","6633","Temporary meadows and pastures","2020","2020","1000 ha","205.13","A","Official figure",""
"RL","Land Use","528","Netherlands (Kingdom of the)","5110","Area","6640","Temporary fallow","2019","2019","1000 ha","7.9","A","Official figure",""
"RL","Land Use","528","Netherlands (Kingdom of the)","5110","Area","6640","Temporary fallow","2020","2020","1000 ha","8.86","A","Official figure",""
"RL","Land Use","528","Netherlands (Kingdom of the)","5110","Area","6650","Permanent crops","2019","2019","1000 ha","37.7","A","Official figure",""
"RL","Land Use","528","Netherlands (Kingdom of the)","7208","Share in Agricultural land","6650","Permanent crops","2019","2019","%","2.08","A","Official figure",""
"RL","Land Use","528","Netherlands (Kingdom of the)","5110","Area","6650","Permanent crops","2020","2020","1000 ha","37.21","A","Official figure",""
"RL","Land Use","528","Netherlands (Kingdom of the)","7208","Share in Agricultural land","6650","Permanent crops","2020","2020","%","2.05","A","Official figure",""
"RL","Land Use","528","Netherlands (Kingdom of the)","5110","Area","6655","Permanent meadows and pastures","2019","2019","1000 ha","768","A","Official figure",""
"RL","Land Use","528","Netherlands (Kingdom of the)","7208","Share in Agricultural land","6655","Permanent meadows and pastures","2019","2019","%","42.27","A","Official figure",""
"RL","Land Use","528","Netherlands (Kingdom of the)","7209","Share in Land area","6655","Permanent meadows and pastures","2019","2019","%","22.81","E","Estimated value",""
"RL","Land Use","528","Netherlands (Kingdom of the)","5110","Area","6655","Permanent meadows and pastures","2020","2020","1000 ha","772.41","A","Official figure",""
"RL","Land Use","528","Netherlands (Kingdom of the)","7208","Share in Agricultural land","6655","Permanent meadows and pastures","2020","2020","%","42.57","A","Official figure",""
"RL","Land Use","528","Netherlands (Kingdom of the)","7209","Share in Land area","6655","Permanent meadows and pastures","2020","2020","%","22.94","E","Estimated value",""
"RL","Land Use","528","Netherlands (Kingdom of the)","5110","Area","6656","Perm. meadows & pastures - Cultivated","2019","2019","1000 ha","691","A","Official figure",""
"RL","Land Use","528","Netherlands (Kingdom of the)","5110","Area","6656","Perm. meadows & pastures - Cultivated","2020","2020","1000 ha","694.44","A","Official figure",""
"RL","Land Use","528","Netherlands (Kingdom of the)","5110","Area","6659","Perm. meadows & pastures - Nat. growing","2019","2019","1000 ha","77","A","Official figure",""
"RL","Land Use","528","Netherlands (Kingdom of the)","5110","Area","6659","Perm. meadows & pastures - Nat. growing","2020","2020","1000 ha","77.97","A","Official figure",""
"RL","Land Use","528","Netherlands (Kingdom of the)","5110","Area","6646","Forest land","2019","2019","1000 ha","368.57","A","Official figure",""
"RL","Land Use","528","Netherlands (Kingdom of the)","72151","Carbon stock in living biomass","6646","Forest land","2019","2019","million t","12.0891","A","Official figure",""
"RL","Land Use","528","Netherlands (Kingdom of the)","7209","Share in Land area","6646","Forest land","2019","2019","%","10.95","E","Estimated value",""
"RL","Land Use","528","Netherlands (Kingdom of the)","5110","Area","6646","Forest land","2020","2020","1000 ha","369.5","A","Official figure",""
"RL","Land Use","528","Netherlands (Kingdom of the)","72151","Carbon stock in living biomass","6646","Forest land","2020","2020","million t","12.2304","A","Official figure",""
"RL","Land Use","528","Netherlands (Kingdom of the)","7209","Share in Land area","6646","Forest land","2020","2020","%","10.97","E","Estimated value",""
"RL","Land Use","528","Netherlands (Kingdom of the)","5110","Area","6717","Naturally regenerating forest","2019","2019","1000 ha","38.32","A","Official figure",""
"RL","Land Use","528","Netherlands (Kingdom of the)","7210","Share in Forest land","6717","Naturally regenerating forest","2019","2019","%","10.4","A","Official figure",""
"RL","Land Use","528","Netherlands (Kingdom of the)","5110","Area","6717","Naturally regenerating forest","2020","2020","1000 ha","37.92","A","Official figure",""
"RL","Land Use","528","Netherlands (Kingdom of the)","7210","Share in Forest land","6717","Naturally regenerating forest","2020","2020","%","10.26","A","Official figure",""
"RL","Land Use","528","Netherlands (Kingdom of the)","5110","Area","6716","Planted Forest","2019","2019","1000 ha","330.25","A","Official figure",""
"RL","Land Use","528","Netherlands (Kingdom of the)","7210","Share in Forest land","6716","Planted Forest","2019","2019","%","89.6","A","Official figure",""
"RL","Land Use","528","Netherlands (Kingdom of the)","5110","Area","6716","Planted Forest","2020","2020","1000 ha","331.58","A","Official figure",""
"RL","Land Use","528","Netherlands (Kingdom of the)","7210","Share in Forest land","6716","Planted Forest","2020","2020","%","89.74","A","Official figure",""
"RL","Land Use","528","Netherlands (Kingdom of the)","5110","Area","6670","Other land","2019","2019","1000 ha","1181.63","I","Imputed value",""
"RL","Land Use","528","Netherlands (Kingdom of the)","5110","Area","6670","Other land","2020","2020","1000 ha","1183.05","I","Imputed value",""
"RL","Land Use","528","Netherlands (Kingdom of the)","5110","Area","6680","Inland waters","2019","2019","1000 ha","372","I","Imputed value",""
"RL","Land Use","528","Netherlands (Kingdom of the)","5110","Area","6680","Inland waters","2020","2020","1000 ha","372","I","Imputed value",""
"RL","Land Use","528","Netherlands (Kingdom of the)","5110","Area","6773","Coastal waters","2019","2019","1000 ha","415","I","Imputed value",""
"RL","Land Use","528","Netherlands (Kingdom of the)","5110","Area","6773","Coastal waters","2020","2020","1000 ha","415","I","Imputed value",""
"RL","Land Use","528","Netherlands (Kingdom of the)","5110","Area","6690","Land area equipped for irrigation","2019","2019","1000 ha","522","I","Imputed value",""
"RL","Land Use","528","Netherlands (Kingdom of the)","7252","Share in Cropland","6690","Land area equipped for irrigation","2019","2019","%","49.77","E","Estimated value",""
"RL","Land Use","528","Netherlands (Kingdom of the)","5110","Area","6690","Land area equipped for irrigation","2020","2020","1000 ha","522","I","Imputed value",""
"RL","Land Use","528","Netherlands (Kingdom of the)","7252","Share in Cropland","6690","Land area equipped for irrigation","2020","2020","%","50.09","E","Estimated value",""
"RL","Land Use","528","Netherlands (Kingdom of the)","5110","Area","6611","Agriculture area actually irrigated","2019","2019","1000 ha","296.9","X","Figure from international organizations",""
"RL","Land Use","528","Netherlands (Kingdom of the)","7208","Share in Agricultural land","6611","Agriculture area actually irrigated","2019","2019","%","16.34","E","Estimated value",""
"RL","Land Use","528","Netherlands (Kingdom of the)","5110","Area","6671","Agriculture area under organic agric.","2019","2019","1000 ha","68.068","A","Official figure",""
"RL","Land Use","528","Netherlands (Kingdom of the)","7208","Share in Agricultural land","6671","Agriculture area under organic agric.","2019","2019","%","3.75","A","Official figure",""
"RL","Land Use","528","Netherlands (Kingdom of the)","5110","Area","6671","Agriculture area under organic agric.","2020","2020","1000 ha","71.607","A","Official figure",""
"RL","Land Use","528","Netherlands (Kingdom of the)","7208","Share in Agricultural land","6671","Agriculture area under organic agric.","2020","2020","%","3.95","A","Official figure",""
"RL","Land Use","528","Netherlands (Kingdom of the)","5110","Area","6672","Agriculture area certified organic","2019","2019","1000 ha","63.2","A","Official figure",""
"RL","Land Use","528","Netherlands (Kingdom of the)","5110","Area","6672","Agriculture area certified organic","2020","2020","1000 ha","66.962","A","Official figure",""
"RL","Land Use","528","Netherlands (Kingdom of the)","5110","Area","6668","Cropland area under organic agric.","2019","2019","1000 ha","28.131","A","Official figure",""
"RL","Land Use","528","Netherlands (Kingdom of the)","5110","Area","6668","Cropland area under organic agric.","2020","2020","1000 ha","30.067","A","Official figure",""
"RL","Land Use","528","Netherlands (Kingdom of the)","5110","Area","6669","Cropland area certified organic","2019","2019","1000 ha","24.92","A","Official figure",""
"RL","Land Use","528","Netherlands (Kingdom of the)","5110","Area","6669","Cropland area certified organic","2020","2020","1000 ha","27.233","A","Official figure",""
"RL","Land Use","528","Netherlands (Kingdom of the)","5110","Area","6681","Perm. meadows & pastures area under organic agric.","2019","2019","1000 ha","39.937","A","Official figure",""
"RL","Land Use","528","Netherlands (Kingdom of the)","5110","Area","6681","Perm. meadows & pastures area under organic agric.","2020","2020","1000 ha","41.541","A","Official figure",""
"RL","Land Use","528","Netherlands (Kingdom of the)","5110","Area","6682","Perm. meadows & pastures area certified organic","2019","2019","1000 ha","38.28","A","Official figure",""
"RL","Land Use","528","Netherlands (Kingdom of the)","5110","Area","6682","Perm. meadows & pastures area certified organic","2020","2020","1000 ha","39.73","A","Official figure",""
"RL","Land Use","528","Netherlands (Kingdom of the)","5110","Area","6774","Cropland area under protective cover","2019","2019","1000 ha","9.69","A","Official figure",""
"RL","Land Use","528","Netherlands (Kingdom of the)","5110","Area","6774","Cropland area under protective cover","2020","2020","1000 ha","10.08","A","Official figure",""
"RL","Land Use","620","Portugal","5110","Area","6600","Country area","2019","2019","1000 ha","9223","A","Official figure",""
"RL","Land Use","620","Portugal","5110","Area","6600","Country area","2020","2020","1000 ha","9223","A","Official figure",""
"RL","Land Use","620","Portugal","5110","Area","6601","Land area","2019","2019","1000 ha","9160.56","I","Imputed value",""
"RL","Land Use","620","Portugal","5110","Area","6601","Land area","2020","2020","1000 ha","9160.56","I","Imputed value",""
"RL","Land Use","620","Portugal","5110","Area","6602","Agriculture","2019","2019","1000 ha","5121.413","A","Official figure",""
"RL","Land Use","620","Portugal","5110","Area","6602","Agriculture","2020","2020","1000 ha","5121.413","A","Official figure",""
"RL","Land Use","620","Portugal","5110","Area","6610","Agricultural land","2019","2019","1000 ha","3950.5205","I","Imputed value",""
"RL","Land Use","620","Portugal","7209","Share in Land area","6610","Agricultural land","2019","2019","%","43.13","E","Estimated value",""
"RL","Land Use","620","Portugal","7278","Value of agricultural production (Int. $) per Area","6610","Agricultural land","2019","2019","USD_PPP/ha","1754.76","E","Estimated value",""
"RL","Land Use","620","Portugal","5110","Area","6610","Agricultural land","2020","2020","1000 ha","3954.2556","I","Imputed value",""
"RL","Land Use","620","Portugal","7209","Share in Land area","6610","Agricultural land","2020","2020","%","43.17","E","Estimated value",""
"RL","Land Use","620","Portugal","7278","Value of agricultural production (Int. $) per Area","6610","Agricultural land","2020","2020","USD_PPP/ha","1694.13","E","Estimated value",""
"RL","Land Use","620","Portugal","5110","Area","6620","Cropland","2019","2019","1000 ha","1859.7504","A","Official figure",""
"RL","Land Use","620","Portugal","7208","Share in Agricultural land","6620","Cropland","2019","2019","%","47.08","E","Estimated value",""
"RL","Land Use","620","Portugal","7209","Share in Land area","6620","Cropland","2019","2019","%","20.3","E","Estimated value",""
"RL","Land Use","620","Portugal","7277","Area per capita","6620","Cropland","2019","2019","ha/cap","0.1807","E","Estimated value",""
"RL","Land Use","620","Portugal","5110","Area","6620","Cropland","2020","2020","1000 ha","1840.9698","A","Official figure",""
"RL","Land Use","620","Portugal","7208","Share in Agricultural land","6620","Cropland","2020","2020","%","46.56","E","Estimated value",""
"RL","Land Use","620","Portugal","7209","Share in Land area","6620","Cropland","2020","2020","%","20.1","E","Estimated value",""
"RL","Land Use","620","Portugal","7277","Area per capita","6620","Cropland","2020","2020","ha/cap","0.1788","E","Estimated value",""
"RL","Land Use","620","Portugal","5110","Area","6621","Arable land","2019","2019","1000 ha","997.7627","A","Official figure",""
"RL","Land Use","620","Portugal","7208","Share in Agricultural land","6621","Arable land","2019","2019","%","25.26","E","Estimated value",""
"RL","Land Use","620","Portugal","5110","Area","6621","Arable land","2020","2020","1000 ha","972.9093","A","Official figure",""
"RL","Land Use","620","Portugal","7208","Share in Agricultural land","6621","Arable land","2020","2020","%","24.6","E","Estimated value",""
"RL","Land Use","620","Portugal","5110","Area","6630","Temporary crops","2019","2019","1000 ha","652.5348","A","Official figure",""
"RL","Land Use","620","Portugal","5110","Area","6630","Temporary crops","2020","2020","1000 ha","644.4324","A","Official figure",""
"RL","Land Use","620","Portugal","5110","Area","6633","Temporary meadows and pastures","2019","2019","1000 ha","120.8285","A","Official figure",""
"RL","Land Use","620","Portugal","5110","Area","6633","Temporary meadows and pastures","2020","2020","1000 ha","104.0774","A","Official figure",""
"RL","Land Use","620","Portugal","5110","Area","6640","Temporary fallow","2019","2019","1000 ha","224.3994","A","Official figure",""
"RL","Land Use","620","Portugal","5110","Area","6640","Temporary fallow","2020","2020","1000 ha","224.3994","A","Official figure",""
"RL","Land Use","620","Portugal","5110","Area","6650","Permanent crops","2019","2019","1000 ha","861.9877","A","Official figure",""
"RL","Land Use","620","Portugal","7208","Share in Agricultural land","6650","Permanent crops","2019","2019","%","21.82","E","Estimated value",""
"RL","Land Use","620","Portugal","5110","Area","6650","Permanent crops","2020","2020","1000 ha","868.0605","A","Official figure",""
"RL","Land Use","620","Portugal","7208","Share in Agricultural land","6650","Permanent crops","2020","2020","%","21.95","E","Estimated value",""
"RL","Land Use","620","Portugal","5110","Area","6655","Permanent meadows and pastures","2019","2019","1000 ha","2090.7701","A","Official figure",""
"RL","Land Use","620","Portugal","7208","Share in Agricultural land","6655","Permanent meadows and pastures","2019","2019","%","52.92","E","Estimated value",""
"RL","Land Use","620","Portugal","7209","Share in Land area","6655","Permanent meadows and pastures","2019","2019","%","22.82","E","Estimated value",""
"RL","Land Use","620","Portugal","5110","Area","6655","Permanent meadows and pastures","2020","2020","1000 ha","2113.2858","A","Official figure",""
"RL","Land Use","620","Portugal","7208","Share in Agricultural land","6655","Permanent meadows and pastures","2020","2020","%","53.44","E","Estimated value",""
"RL","Land Use","620","Portugal","7209","Share in Land area","6655","Permanent meadows and pastures","2020","2020","%","23.07","E","Estimated value",""
"RL","Land Use","620","Portugal","5110","Area","6656","Perm. meadows & pastures - Cultivated","2019","2019","1000 ha","571.8535","I","Imputed value",""
"RL","Land Use","620","Portugal","5110","Area","6656","Perm. meadows & pastures - Cultivated","2020","2020","1000 ha","578.0119","I","Imputed value",""
"RL","Land Use","620","Portugal","5110","Area","6659","Perm. meadows & pastures - Nat. growing","2019","2019","1000 ha","1518.9166","I","Imputed value",""
"RL","Land Use","620","Portugal","5110","Area","6659","Perm. meadows & pastures - Nat. growing","2020","2020","1000 ha","1535.2739","I","Imputed value",""
"RL","Land Use","620","Portugal","5110","Area","6646","Forest land","2019","2019","1000 ha","3312","A","Official figure",""
"RL","Land Use","620","Portugal","72151","Carbon stock in living biomass","6646","Forest land","2019","2019","million t","87.3374","I","Imputed value",""
"RL","Land Use","620","Portugal","7209","Share in Land area","6646","Forest land","2019","2019","%","36.15","E","Estimated value",""
"RL","Land Use","620","Portugal","5110","Area","6646","Forest land","2020","2020","1000 ha","3312","A","Official figure",""
"RL","Land Use","620","Portugal","72151","Carbon stock in living biomass","6646","Forest land","2020","2020","million t","87.3374","I","Imputed value",""
"RL","Land Use","620","Portugal","7209","Share in Land area","6646","Forest land","2020","2020","%","36.15","E","Estimated value",""
"RL","Land Use","620","Portugal","5110","Area","6717","Naturally regenerating forest","2019","2019","1000 ha","1056","A","Official figure",""
"RL","Land Use","620","Portugal","7210","Share in Forest land","6717","Naturally regenerating forest","2019","2019","%","31.88","A","Official figure",""
"RL","Land Use","620","Portugal","5110","Area","6717","Naturally regenerating forest","2020","2020","1000 ha","1056","A","Official figure",""
"RL","Land Use","620","Portugal","7210","Share in Forest land","6717","Naturally regenerating forest","2020","2020","%","31.88","A","Official figure",""
"RL","Land Use","620","Portugal","5110","Area","6716","Planted Forest","2019","2019","1000 ha","2256","A","Official figure",""
"RL","Land Use","620","Portugal","7210","Share in Forest land","6716","Planted Forest","2019","2019","%","68.12","A","Official figure",""
"RL","Land Use","620","Portugal","5110","Area","6716","Planted Forest","2020","2020","1000 ha","2256","A","Official figure",""
"RL","Land Use","620","Portugal","7210","Share in Forest land","6716","Planted Forest","2020","2020","%","68.12","A","Official figure",""
"RL","Land Use","620","Portugal","5110","Area","6670","Other land","2019","2019","1000 ha","654.587","I","Imputed value",""
"RL","Land Use","620","Portugal","5110","Area","6670","Other land","2020","2020","1000 ha","654.587","I","Imputed value",""
"RL","Land Use","620","Portugal","5110","Area","6643","Exclusive Economic Zone (EEZ)","2019","2019","1000 ha","166046","A","Official figure",""
"RL","Land Use","620","Portugal","5110","Area","6643","Exclusive Economic Zone (EEZ)","2020","2020","1000 ha","166046","A","Official figure",""
"RL","Land Use","620","Portugal","5110","Area","6690","Land area equipped for irrigation","2019","2019","1000 ha","567","I","Imputed value",""
"RL","Land Use","620","Portugal","7252","Share in Cropland","6690","Land area equipped for irrigation","2019","2019","%","30.49","E","Estimated value",""
"RL","Land Use","620","Portugal","5110","Area","6690","Land area equipped for irrigation","2020","2020","1000 ha","567","I","Imputed value",""
"RL","Land Use","620","Portugal","7252","Share in Cropland","6690","Land area equipped for irrigation","2020","2020","%","30.8","E","Estimated value",""
"RL","Land Use","620","Portugal","5110","Area","6611","Agriculture area actually irrigated","2019","2019","1000 ha","566.2304","A","Official figure",""
"RL","Land Use","620","Portugal","7208","Share in Agricultural land","6611","Agriculture area actually irrigated","2019","2019","%","14.33","E","Estimated value",""
"RL","Land Use","620","Portugal","5110","Area","6694","Cropland area actually irrigated","2019","2019","1000 ha","516.7052","A","Official figure",""
"RL","Land Use","620","Portugal","5110","Area","6657","Perm. meadows & pastures area actually irrig.","2019","2019","1000 ha","49.5252","A","Official figure",""
"RL","Land Use","620","Portugal","5110","Area","6671","Agriculture area under organic agric.","2019","2019","1000 ha","211.393","A","Official figure",""
"RL","Land Use","620","Portugal","7208","Share in Agricultural land","6671","Agriculture area under organic agric.","2019","2019","%","5.35","E","Estimated value",""
"RL","Land Use","620","Portugal","5110","Area","6671","Agriculture area under organic agric.","2020","2020","1000 ha","319.54","A","Official figure",""
"RL","Land Use","620","Portugal","7208","Share in Agricultural land","6671","Agriculture area under organic agric.","2020","2020","%","8.08","E","Estimated value",""
"RL","Land Use","620","Portugal","5110","Area","6672","Agriculture area certified organic","2019","2019","1000 ha","202.3289","A","Official figure",""
"RL","Land Use","620","Portugal","5110","Area","6672","Agriculture area certified organic","2020","2020","1000 ha","269.354","A","Official figure",""
"RL","Land Use","620","Portugal","5110","Area","6668","Cropland area under organic agric.","2019","2019","1000 ha","66.2934","A","Official figure",""
"RL","Land Use","620","Portugal","5110","Area","6668","Cropland area under organic agric.","2020","2020","1000 ha","123.038","A","Official figure",""
"RL","Land Use","620","Portugal","5110","Area","6669","Cropland area certified organic","2019","2019","1000 ha","63.7655","A","Official figure",""
"RL","Land Use","620","Portugal","5110","Area","6669","Cropland area certified organic","2020","2020","1000 ha","102.361","A","Official figure",""
"RL","Land Use","620","Portugal","5110","Area","6681","Perm. meadows & pastures area under organic agric.","2019","2019","1000 ha","145.0996","A","Official figure",""
"RL","Land Use","620","Portugal","5110","Area","6681","Perm. meadows & pastures area under organic agric.","2020","2020","1000 ha","196.502","A","Official figure",""
"RL","Land Use","620","Portugal","5110","Area","6682","Perm. meadows & pastures area certified organic","2019","2019","1000 ha","138.5634","A","Official figure",""
"RL","Land Use","620","Portugal","5110","Area","6682","Perm. meadows & pastures area certified organic","2020","2020","1000 ha","166.993","A","Official figure",""
"RL","Land Use","620","Portugal","5110","Area","6664","Cropland area under conventional tillage","2019","2019","1000 ha","321.9274","A","Official figure",""
"RL","Land Use","620","Portugal","5110","Area","6665","Cropland area under conservation tillage","2019","2019","1000 ha","394.7043","A","Official figure",""
"RL","Land Use","620","Portugal","5110","Area","6666","Cropland area under zero or no tillage","2019","2019","1000 ha","16.3552","A","Official figure",""
"RL","Land Use","620","Portugal","5110","Area","6762","Land used for aquaculture","2019","2019","1000 ha","0.24","A","Official figure",""
"RL","Land Use","620","Portugal","5110","Area","6767","Inland waters used for aquac. or holding facilities","2019","2019","1000 ha","1.527","A","Official figure",""
"RL","Land Use","620","Portugal","5110","Area","6641","Coastal waters used for aquac. or holding facilities","2019","2019","1000 ha","3.31","A","Official figure",""
"RL","Land Use","642","Romania","5110","Area","6600","Country area","2019","2019","1000 ha","23840","A","Official figure",""
"RL","Land Use","642","Romania","5110","Area","6600","Country area","2020","2020","1000 ha","23840","A","Official figure",""
"RL","Land Use","642","Romania","5110","Area","6601","Land area","2019","2019","1000 ha","23008","A","Official figure",""
"RL","Land Use","642","Romania","5110","Area","6601","Land area","2020","2020","1000 ha","23008","A","Official figure",""
"RL","Land Use","642","Romania","5110","Area","6602","Agriculture","2019","2019","1000 ha","13826","I","Imputed value",""
"RL","Land Use","642","Romania","5110","Area","6602","Agriculture","2020","2020","1000 ha","13049","I","Imputed value",""
"RL","Land Use","642","Romania","5110","Area","6610","Agricultural land","2019","2019","1000 ha","13826","A","Official figure",""
"RL","Land Use","642","Romania","7209","Share in Land area","6610","Agricultural land","2019","2019","%","60.09","A","Official figure",""
"RL","Land Use","642","Romania","7278","Value of agricultural production (Int. $) per Area","6610","Agricultural land","2019","2019","USD_PPP/ha","1187.6","E","Estimated value",""
"RL","Land Use","642","Romania","5110","Area","6610","Agricultural land","2020","2020","1000 ha","13049","A","Official figure",""
"RL","Land Use","642","Romania","7209","Share in Land area","6610","Agricultural land","2020","2020","%","56.72","A","Official figure",""
"RL","Land Use","642","Romania","7278","Value of agricultural production (Int. $) per Area","6610","Agricultural land","2020","2020","USD_PPP/ha","972.01","E","Estimated value",""
"RL","Land Use","642","Romania","5110","Area","6620","Cropland","2019","2019","1000 ha","9378","A","Official figure",""
"RL","Land Use","642","Romania","7208","Share in Agricultural land","6620","Cropland","2019","2019","%","67.83","A","Official figure",""
"RL","Land Use","642","Romania","7209","Share in Land area","6620","Cropland","2019","2019","%","40.76","A","Official figure",""
"RL","Land Use","642","Romania","7277","Area per capita","6620","Cropland","2019","2019","ha/cap","0.4803","E","Estimated value",""
"RL","Land Use","642","Romania","5110","Area","6620","Cropland","2020","2020","1000 ha","8886","A","Official figure",""
"RL","Land Use","642","Romania","7208","Share in Agricultural land","6620","Cropland","2020","2020","%","68.1","A","Official figure",""
"RL","Land Use","642","Romania","7209","Share in Land area","6620","Cropland","2020","2020","%","38.62","A","Official figure",""
"RL","Land Use","642","Romania","7277","Area per capita","6620","Cropland","2020","2020","ha/cap","0.4571","E","Estimated value",""
"RL","Land Use","642","Romania","5110","Area","6621","Arable land","2019","2019","1000 ha","8966","A","Official figure",""
"RL","Land Use","642","Romania","7208","Share in Agricultural land","6621","Arable land","2019","2019","%","64.85","A","Official figure",""
"RL","Land Use","642","Romania","5110","Area","6621","Arable land","2020","2020","1000 ha","8483","A","Official figure",""
"RL","Land Use","642","Romania","7208","Share in Agricultural land","6621","Arable land","2020","2020","%","65.01","A","Official figure",""
"RL","Land Use","642","Romania","5110","Area","6630","Temporary crops","2019","2019","1000 ha","7836","A","Official figure",""
"RL","Land Use","642","Romania","5110","Area","6630","Temporary crops","2020","2020","1000 ha","7377","A","Official figure",""
"RL","Land Use","642","Romania","5110","Area","6633","Temporary meadows and pastures","2019","2019","1000 ha","901","A","Official figure",""
"RL","Land Use","642","Romania","5110","Area","6633","Temporary meadows and pastures","2020","2020","1000 ha","887","A","Official figure",""
"RL","Land Use","642","Romania","5110","Area","6640","Temporary fallow","2019","2019","1000 ha","229","A","Official figure",""
"RL","Land Use","642","Romania","5110","Area","6640","Temporary fallow","2020","2020","1000 ha","219","A","Official figure",""
"RL","Land Use","642","Romania","5110","Area","6650","Permanent crops","2019","2019","1000 ha","412","A","Official figure",""
"RL","Land Use","642","Romania","7208","Share in Agricultural land","6650","Permanent crops","2019","2019","%","2.98","A","Official figure",""
"RL","Land Use","642","Romania","5110","Area","6650","Permanent crops","2020","2020","1000 ha","403","A","Official figure",""
"RL","Land Use","642","Romania","7208","Share in Agricultural land","6650","Permanent crops","2020","2020","%","3.09","A","Official figure",""
"RL","Land Use","642","Romania","5110","Area","6655","Permanent meadows and pastures","2019","2019","1000 ha","4448","A","Official figure",""
"RL","Land Use","642","Romania","7208","Share in Agricultural land","6655","Permanent meadows and pastures","2019","2019","%","32.17","A","Official figure",""
"RL","Land Use","642","Romania","7209","Share in Land area","6655","Permanent meadows and pastures","2019","2019","%","19.33","A","Official figure",""
"RL","Land Use","642","Romania","5110","Area","6655","Permanent meadows and pastures","2020","2020","1000 ha","4163","A","Official figure",""
"RL","Land Use","642","Romania","7208","Share in Agricultural land","6655","Permanent meadows and pastures","2020","2020","%","31.9","A","Official figure",""
"RL","Land Use","642","Romania","7209","Share in Land area","6655","Permanent meadows and pastures","2020","2020","%","18.09","A","Official figure",""
"RL","Land Use","642","Romania","5110","Area","6646","Forest land","2019","2019","1000 ha","6929.05","A","Official figure",""
"RL","Land Use","642","Romania","72151","Carbon stock in living biomass","6646","Forest land","2019","2019","million t","812.5004","A","Official figure",""
"RL","Land Use","642","Romania","7209","Share in Land area","6646","Forest land","2019","2019","%","30.12","A","Official figure",""
"RL","Land Use","642","Romania","5110","Area","6646","Forest land","2020","2020","1000 ha","6929.05","A","Official figure",""
"RL","Land Use","642","Romania","72151","Carbon stock in living biomass","6646","Forest land","2020","2020","million t","812.5004","A","Official figure",""
"RL","Land Use","642","Romania","7209","Share in Land area","6646","Forest land","2020","2020","%","30.12","A","Official figure",""
"RL","Land Use","642","Romania","5110","Area","6717","Naturally regenerating forest","2019","2019","1000 ha","6033.98","A","Official figure",""
"RL","Land Use","642","Romania","7210","Share in Forest land","6717","Naturally regenerating forest","2019","2019","%","87.08","A","Official figure",""
"RL","Land Use","642","Romania","5110","Area","6717","Naturally regenerating forest","2020","2020","1000 ha","6033.98","A","Official figure",""
"RL","Land Use","642","Romania","7210","Share in Forest land","6717","Naturally regenerating forest","2020","2020","%","87.08","A","Official figure",""
"RL","Land Use","642","Romania","5110","Area","6716","Planted Forest","2019","2019","1000 ha","895.07","A","Official figure",""
"RL","Land Use","642","Romania","7210","Share in Forest land","6716","Planted Forest","2019","2019","%","12.92","A","Official figure",""
"RL","Land Use","642","Romania","5110","Area","6716","Planted Forest","2020","2020","1000 ha","895.07","A","Official figure",""
"RL","Land Use","642","Romania","7210","Share in Forest land","6716","Planted Forest","2020","2020","%","12.92","A","Official figure",""
"RL","Land Use","642","Romania","5110","Area","6670","Other land","2019","2019","1000 ha","2252.95","I","Imputed value",""
"RL","Land Use","642","Romania","5110","Area","6670","Other land","2020","2020","1000 ha","3029.95","I","Imputed value",""
"RL","Land Use","642","Romania","5110","Area","6680","Inland waters","2019","2019","1000 ha","832","A","Official figure",""
"RL","Land Use","642","Romania","5110","Area","6680","Inland waters","2020","2020","1000 ha","832","A","Official figure",""
"RL","Land Use","642","Romania","5110","Area","6690","Land area equipped for irrigation","2019","2019","1000 ha","3152","A","Official figure",""
"RL","Land Use","642","Romania","7252","Share in Cropland","6690","Land area equipped for irrigation","2019","2019","%","33.61","A","Official figure",""
"RL","Land Use","642","Romania","5110","Area","6690","Land area equipped for irrigation","2020","2020","1000 ha","3166","A","Official figure",""
"RL","Land Use","642","Romania","7252","Share in Cropland","6690","Land area equipped for irrigation","2020","2020","%","35.63","A","Official figure",""
"RL","Land Use","642","Romania","5110","Area","6611","Agriculture area actually irrigated","2019","2019","1000 ha","287","A","Official figure",""
"RL","Land Use","642","Romania","7208","Share in Agricultural land","6611","Agriculture area actually irrigated","2019","2019","%","2.08","A","Official figure",""
"RL","Land Use","642","Romania","5110","Area","6611","Agriculture area actually irrigated","2020","2020","1000 ha","473","A","Official figure",""
"RL","Land Use","642","Romania","7208","Share in Agricultural land","6611","Agriculture area actually irrigated","2020","2020","%","3.62","A","Official figure",""
"RL","Land Use","642","Romania","5110","Area","6694","Cropland area actually irrigated","2019","2019","1000 ha","286.9","A","Official figure",""
"RL","Land Use","642","Romania","5110","Area","6694","Cropland area actually irrigated","2020","2020","1000 ha","472.6","A","Official figure",""
"RL","Land Use","642","Romania","5110","Area","6657","Perm. meadows & pastures area actually irrig.","2019","2019","1000 ha","0.1","A","Official figure",""
"RL","Land Use","642","Romania","5110","Area","6657","Perm. meadows & pastures area actually irrig.","2020","2020","1000 ha","0.4","A","Official figure",""
"RL","Land Use","642","Romania","5110","Area","6671","Agriculture area under organic agric.","2019","2019","1000 ha","395.2","A","Official figure",""
"RL","Land Use","642","Romania","7208","Share in Agricultural land","6671","Agriculture area under organic agric.","2019","2019","%","2.86","A","Official figure",""
"RL","Land Use","642","Romania","5110","Area","6671","Agriculture area under organic agric.","2020","2020","1000 ha","468.8","A","Official figure",""
"RL","Land Use","642","Romania","7208","Share in Agricultural land","6671","Agriculture area under organic agric.","2020","2020","%","3.59","A","Official figure",""
"RL","Land Use","642","Romania","5110","Area","6672","Agriculture area certified organic","2019","2019","1000 ha","211.5","A","Official figure",""
"RL","Land Use","642","Romania","5110","Area","6672","Agriculture area certified organic","2020","2020","1000 ha","276","A","Official figure",""
"RL","Land Use","642","Romania","5110","Area","6668","Cropland area under organic agric.","2019","2019","1000 ha","279.8","A","Official figure",""
"RL","Land Use","642","Romania","5110","Area","6668","Cropland area under organic agric.","2020","2020","1000 ha","313.8","A","Official figure",""
"RL","Land Use","642","Romania","5110","Area","6669","Cropland area certified organic","2019","2019","1000 ha","176.1","A","Official figure",""
"RL","Land Use","642","Romania","5110","Area","6669","Cropland area certified organic","2020","2020","1000 ha","216.1","A","Official figure",""
"RL","Land Use","642","Romania","5110","Area","6681","Perm. meadows & pastures area under organic agric.","2019","2019","1000 ha","115.4","A","Official figure",""
"RL","Land Use","642","Romania","5110","Area","6681","Perm. meadows & pastures area under organic agric.","2020","2020","1000 ha","155","A","Official figure",""
"RL","Land Use","642","Romania","5110","Area","6682","Perm. meadows & pastures area certified organic","2019","2019","1000 ha","35.4","A","Official figure",""
"RL","Land Use","642","Romania","5110","Area","6682","Perm. meadows & pastures area certified organic","2020","2020","1000 ha","59.9","A","Official figure",""
"RL","Land Use","642","Romania","5110","Area","6774","Cropland area under protective cover","2019","2019","1000 ha","4.2","A","Official figure",""
"RL","Land Use","642","Romania","5110","Area","6774","Cropland area under protective cover","2020","2020","1000 ha","4.5","A","Official figure",""
"RL","Land Use","756","Switzerland","5110","Area","6600","Country area","2019","2019","1000 ha","4129.07","A","Official figure",""
"RL","Land Use","756","Switzerland","5110","Area","6600","Country area","2020","2020","1000 ha","4129.07","A","Official figure",""
"RL","Land Use","756","Switzerland","5110","Area","6601","Land area","2019","2019","1000 ha","3950.963","A","Official figure",""
"RL","Land Use","756","Switzerland","5110","Area","6601","Land area","2020","2020","1000 ha","3950.963","A","Official figure",""
"RL","Land Use","756","Switzerland","5110","Area","6602","Agriculture","2019","2019","1000 ha","1534.5608","A","Official figure",""
"RL","Land Use","756","Switzerland","5110","Area","6602","Agriculture","2020","2020","1000 ha","1531.6463","A","Official figure",""
"RL","Land Use","756","Switzerland","5110","Area","6610","Agricultural land","2019","2019","1000 ha","1505.5158","A","Official figure",""
"RL","Land Use","756","Switzerland","7209","Share in Land area","6610","Agricultural land","2019","2019","%","38.11","A","Official figure",""
"RL","Land Use","756","Switzerland","7278","Value of agricultural production (Int. $) per Area","6610","Agricultural land","2019","2019","USD_PPP/ha","2544.68","E","Estimated value",""
"RL","Land Use","756","Switzerland","5110","Area","6610","Agricultural land","2020","2020","1000 ha","1502.4369","A","Official figure",""
"RL","Land Use","756","Switzerland","7209","Share in Land area","6610","Agricultural land","2020","2020","%","38.03","A","Official figure",""
"RL","Land Use","756","Switzerland","7278","Value of agricultural production (Int. $) per Area","6610","Agricultural land","2020","2020","USD_PPP/ha","2597.33","E","Estimated value",""
"RL","Land Use","756","Switzerland","5110","Area","6620","Cropland","2019","2019","1000 ha","423.8124","A","Official figure",""
"RL","Land Use","756","Switzerland","7208","Share in Agricultural land","6620","Cropland","2019","2019","%","28.15","A","Official figure",""
"RL","Land Use","756","Switzerland","7209","Share in Land area","6620","Cropland","2019","2019","%","10.73","A","Official figure",""
"RL","Land Use","756","Switzerland","7277","Area per capita","6620","Cropland","2019","2019","ha/cap","0.0494","E","Estimated value",""
"RL","Land Use","756","Switzerland","5110","Area","6620","Cropland","2020","2020","1000 ha","425.0371","A","Official figure",""
"RL","Land Use","756","Switzerland","7208","Share in Agricultural land","6620","Cropland","2020","2020","%","28.29","A","Official figure",""
"RL","Land Use","756","Switzerland","7209","Share in Land area","6620","Cropland","2020","2020","%","10.76","A","Official figure",""
"RL","Land Use","756","Switzerland","7277","Area per capita","6620","Cropland","2020","2020","ha/cap","0.0492","E","Estimated value",""
"RL","Land Use","756","Switzerland","5110","Area","6621","Arable land","2019","2019","1000 ha","398.7944","A","Official figure",""
"RL","Land Use","756","Switzerland","7208","Share in Agricultural land","6621","Arable land","2019","2019","%","26.49","A","Official figure",""
"RL","Land Use","756","Switzerland","5110","Area","6621","Arable land","2020","2020","1000 ha","399.8415","A","Official figure",""
"RL","Land Use","756","Switzerland","7208","Share in Agricultural land","6621","Arable land","2020","2020","%","26.61","A","Official figure",""
"RL","Land Use","756","Switzerland","5110","Area","6630","Temporary crops","2019","2019","1000 ha","269.2025","A","Official figure",""
"RL","Land Use","756","Switzerland","5110","Area","6630","Temporary crops","2020","2020","1000 ha","271.576","A","Official figure",""
"RL","Land Use","756","Switzerland","5110","Area","6633","Temporary meadows and pastures","2019","2019","1000 ha","126.7383","A","Official figure",""
"RL","Land Use","756","Switzerland","5110","Area","6633","Temporary meadows and pastures","2020","2020","1000 ha","125.3925","A","Official figure",""
"RL","Land Use","756","Switzerland","5110","Area","6640","Temporary fallow","2019","2019","1000 ha","2.8536","A","Official figure",""
"RL","Land Use","756","Switzerland","5110","Area","6640","Temporary fallow","2020","2020","1000 ha","2.8729","A","Official figure",""
"RL","Land Use","756","Switzerland","5110","Area","6650","Permanent crops","2019","2019","1000 ha","25.018","A","Official figure",""
"RL","Land Use","756","Switzerland","7208","Share in Agricultural land","6650","Permanent crops","2019","2019","%","1.66","A","Official figure",""
"RL","Land Use","756","Switzerland","5110","Area","6650","Permanent crops","2020","2020","1000 ha","25.1956","A","Official figure",""
"RL","Land Use","756","Switzerland","7208","Share in Agricultural land","6650","Permanent crops","2020","2020","%","1.68","A","Official figure",""
"RL","Land Use","756","Switzerland","5110","Area","6655","Permanent meadows and pastures","2019","2019","1000 ha","1081.7034","A","Official figure",""
"RL","Land Use","756","Switzerland","7208","Share in Agricultural land","6655","Permanent meadows and pastures","2019","2019","%","71.85","A","Official figure",""
"RL","Land Use","756","Switzerland","7209","Share in Land area","6655","Permanent meadows and pastures","2019","2019","%","27.38","A","Official figure",""
"RL","Land Use","756","Switzerland","5110","Area","6655","Permanent meadows and pastures","2020","2020","1000 ha","1077.3998","A","Official figure",""
"RL","Land Use","756","Switzerland","7208","Share in Agricultural land","6655","Permanent meadows and pastures","2020","2020","%","71.71","A","Official figure",""
"RL","Land Use","756","Switzerland","7209","Share in Land area","6655","Permanent meadows and pastures","2020","2020","%","27.27","A","Official figure",""
"RL","Land Use","756","Switzerland","5110","Area","6656","Perm. meadows & pastures - Cultivated","2019","2019","1000 ha","614.0639","A","Official figure",""
"RL","Land Use","756","Switzerland","5110","Area","6656","Perm. meadows & pastures - Cultivated","2020","2020","1000 ha","613.014","A","Official figure",""
"RL","Land Use","756","Switzerland","5110","Area","6659","Perm. meadows & pastures - Nat. growing","2019","2019","1000 ha","467.6395","A","Official figure",""
"RL","Land Use","756","Switzerland","5110","Area","6659","Perm. meadows & pastures - Nat. growing","2020","2020","1000 ha","464.3858","A","Official figure",""
"RL","Land Use","756","Switzerland","5110","Area","6649","Farm buildings and Farmyards","2019","2019","1000 ha","29.045","A","Official figure",""
"RL","Land Use","756","Switzerland","5110","Area","6649","Farm buildings and Farmyards","2020","2020","1000 ha","29.2095","A","Official figure",""
"RL","Land Use","756","Switzerland","5110","Area","6646","Forest land","2019","2019","1000 ha","1265.67","A","Official figure",""
"RL","Land Use","756","Switzerland","72151","Carbon stock in living biomass","6646","Forest land","2019","2019","million t","154.2219","A","Official figure",""
"RL","Land Use","756","Switzerland","7209","Share in Land area","6646","Forest land","2019","2019","%","32.03","A","Official figure",""
"RL","Land Use","756","Switzerland","5110","Area","6646","Forest land","2020","2020","1000 ha","1269.11","A","Official figure",""
"RL","Land Use","756","Switzerland","72151","Carbon stock in living biomass","6646","Forest land","2020","2020","million t","154.9203","A","Official figure",""
"RL","Land Use","756","Switzerland","7209","Share in Land area","6646","Forest land","2020","2020","%","32.12","A","Official figure",""
"RL","Land Use","756","Switzerland","5110","Area","6717","Naturally regenerating forest","2019","2019","1000 ha","1115.57","I","Imputed value",""
"RL","Land Use","756","Switzerland","7210","Share in Forest land","6717","Naturally regenerating forest","2019","2019","%","88.14","E","Estimated value",""
"RL","Land Use","756","Switzerland","5110","Area","6717","Naturally regenerating forest","2020","2020","1000 ha","1120.16","I","Imputed value",""
"RL","Land Use","756","Switzerland","7210","Share in Forest land","6717","Naturally regenerating forest","2020","2020","%","88.26","E","Estimated value",""
"RL","Land Use","756","Switzerland","5110","Area","6716","Planted Forest","2019","2019","1000 ha","150.1","A","Official figure",""
"RL","Land Use","756","Switzerland","7210","Share in Forest land","6716","Planted Forest","2019","2019","%","11.86","A","Official figure",""
"RL","Land Use","756","Switzerland","5110","Area","6716","Planted Forest","2020","2020","1000 ha","148.95","A","Official figure",""
"RL","Land Use","756","Switzerland","7210","Share in Forest land","6716","Planted Forest","2020","2020","%","11.74","A","Official figure",""
"RL","Land Use","756","Switzerland","5110","Area","6670","Other land","2019","2019","1000 ha","1150.7322","I","Imputed value",""
"RL","Land Use","756","Switzerland","5110","Area","6670","Other land","2020","2020","1000 ha","1150.2067","I","Imputed value",""
"RL","Land Use","756","Switzerland","5110","Area","6680","Inland waters","2019","2019","1000 ha","178.107","A","Official figure",""
"RL","Land Use","756","Switzerland","5110","Area","6680","Inland waters","2020","2020","1000 ha","178.107","A","Official figure",""
"RL","Land Use","756","Switzerland","5110","Area","6773","Coastal waters","2019","2019","1000 ha","0","A","Official figure",""
"RL","Land Use","756","Switzerland","5110","Area","6773","Coastal waters","2020","2020","1000 ha","0","A","Official figure",""
"RL","Land Use","756","Switzerland","5110","Area","6690","Land area equipped for irrigation","2019","2019","1000 ha","52","I","Imputed value",""
"RL","Land Use","756","Switzerland","7252","Share in Cropland","6690","Land area equipped for irrigation","2019","2019","%","12.27","E","Estimated value",""
"RL","Land Use","756","Switzerland","5110","Area","6690","Land area equipped for irrigation","2020","2020","1000 ha","52","I","Imputed value",""
"RL","Land Use","756","Switzerland","7252","Share in Cropland","6690","Land area equipped for irrigation","2020","2020","%","12.23","E","Estimated value",""
"RL","Land Use","756","Switzerland","5110","Area","6611","Agriculture area actually irrigated","2020","2020","1000 ha","49.41","A","Official figure",""
"RL","Land Use","756","Switzerland","7208","Share in Agricultural land","6611","Agriculture area actually irrigated","2020","2020","%","3.29","A","Official figure",""
"RL","Land Use","756","Switzerland","5110","Area","6671","Agriculture area under organic agric.","2019","2019","1000 ha","169.0385","A","Official figure",""
"RL","Land Use","756","Switzerland","7208","Share in Agricultural land","6671","Agriculture area under organic agric.","2019","2019","%","11.23","A","Official figure",""
"RL","Land Use","756","Switzerland","5110","Area","6671","Agriculture area under organic agric.","2020","2020","1000 ha","176.3375","A","Official figure",""
"RL","Land Use","756","Switzerland","7208","Share in Agricultural land","6671","Agriculture area under organic agric.","2020","2020","%","11.74","A","Official figure",""
"RL","Land Use","756","Switzerland","5110","Area","6668","Cropland area under organic agric.","2019","2019","1000 ha","42.5596","A","Official figure",""
"RL","Land Use","756","Switzerland","5110","Area","6668","Cropland area under organic agric.","2020","2020","1000 ha","46.0625","A","Official figure",""
"RL","Land Use","756","Switzerland","5110","Area","6681","Perm. meadows & pastures area under organic agric.","2019","2019","1000 ha","126.4789","A","Official figure",""
"RL","Land Use","756","Switzerland","5110","Area","6681","Perm. meadows & pastures area under organic agric.","2020","2020","1000 ha","130.275","A","Official figure",""
"RL","Land Use","756","Switzerland","5110","Area","6774","Cropland area under protective cover","2019","2019","1000 ha","0.7386","A","Official figure",""
"RL","Land Use","756","Switzerland","5110","Area","6774","Cropland area under protective cover","2020","2020","1000 ha","0.7449","A","Official figure",""
"RL","Land Use","826","United Kingdom of Great Britain and Northern Ireland","5110","Area","6600","Country area","2019","2019","1000 ha","24361","A","Official figure",""
"RL","Land Use","826","United Kingdom of Great Britain and Northern Ireland","5110","Area","6600","Country area","2020","2020","1000 ha","24361","A","Official figure",""
"RL","Land Use","826","United Kingdom of Great Britain and Northern Ireland","5110","Area","6601","Land area","2019","2019","1000 ha","24193","A","Official figure",""
"RL","Land Use","826","United Kingdom of Great Britain and Northern Ireland","5110","Area","6601","Land area","2020","2020","1000 ha","24193","A","Official figure",""
"RL","Land Use","826","United Kingdom of Great Britain and Northern Ireland","5110","Area","6602","Agriculture","2019","2019","1000 ha","17815.8166","A","Official figure",""
"RL","Land Use","826","United Kingdom of Great Britain and Northern Ireland","5110","Area","6602","Agriculture","2020","2020","1000 ha","17562.3623","A","Official figure",""
"RL","Land Use","826","United Kingdom of Great Britain and Northern Ireland","5110","Area","6610","Agricultural land","2019","2019","1000 ha","17521.2961","A","Official figure",""
"RL","Land Use","826","United Kingdom of Great Britain and Northern Ireland","7209","Share in Land area","6610","Agricultural land","2019","2019","%","72.42","A","Official figure",""
"RL","Land Use","826","United Kingdom of Great Britain and Northern Ireland","7278","Value of agricultural production (Int. $) per Area","6610","Agricultural land","2019","2019","USD_PPP/ha","1659.62","E","Estimated value",""
"RL","Land Use","826","United Kingdom of Great Britain and Northern Ireland","5110","Area","6610","Agricultural land","2020","2020","1000 ha","17259.2981","A","Official figure",""
"RL","Land Use","826","United Kingdom of Great Britain and Northern Ireland","7209","Share in Land area","6610","Agricultural land","2020","2020","%","71.34","A","Official figure",""
"RL","Land Use","826","United Kingdom of Great Britain and Northern Ireland","7278","Value of agricultural production (Int. $) per Area","6610","Agricultural land","2020","2020","USD_PPP/ha","1584.31","E","Estimated value",""
"RL","Land Use","826","United Kingdom of Great Britain and Northern Ireland","5110","Area","6620","Cropland","2019","2019","1000 ha","6131.5423","A","Official figure",""
"RL","Land Use","826","United Kingdom of Great Britain and Northern Ireland","7208","Share in Agricultural land","6620","Cropland","2019","2019","%","34.99","A","Official figure",""
"RL","Land Use","826","United Kingdom of Great Britain and Northern Ireland","7209","Share in Land area","6620","Cropland","2019","2019","%","25.34","A","Official figure",""
"RL","Land Use","826","United Kingdom of Great Britain and Northern Ireland","7277","Area per capita","6620","Cropland","2019","2019","ha/cap","0.0918","E","Estimated value",""
"RL","Land Use","826","United Kingdom of Great Britain and Northern Ireland","5110","Area","6620","Cropland","2020","2020","1000 ha","6023.5961","A","Official figure",""
"RL","Land Use","826","United Kingdom of Great Britain and Northern Ireland","7208","Share in Agricultural land","6620","Cropland","2020","2020","%","34.9","A","Official figure",""
"RL","Land Use","826","United Kingdom of Great Britain and Northern Ireland","7209","Share in Land area","6620","Cropland","2020","2020","%","24.9","A","Official figure",""
"RL","Land Use","826","United Kingdom of Great Britain and Northern Ireland","7277","Area per capita","6620","Cropland","2020","2020","ha/cap","0.0898","E","Estimated value",""
"RL","Land Use","826","United Kingdom of Great Britain and Northern Ireland","5110","Area","6621","Arable land","2019","2019","1000 ha","6085.5984","A","Official figure",""
"RL","Land Use","826","United Kingdom of Great Britain and Northern Ireland","7208","Share in Agricultural land","6621","Arable land","2019","2019","%","34.73","A","Official figure",""
"RL","Land Use","826","United Kingdom of Great Britain and Northern Ireland","5110","Area","6621","Arable land","2020","2020","1000 ha","5978.5022","A","Official figure",""
"RL","Land Use","826","United Kingdom of Great Britain and Northern Ireland","7208","Share in Agricultural land","6621","Arable land","2020","2020","%","34.64","A","Official figure",""
"RL","Land Use","826","United Kingdom of Great Britain and Northern Ireland","5110","Area","6630","Temporary crops","2019","2019","1000 ha","4667.9157","A","Official figure",""
"RL","Land Use","826","United Kingdom of Great Britain and Northern Ireland","5110","Area","6630","Temporary crops","2020","2020","1000 ha","4435.4985","A","Official figure",""
"RL","Land Use","826","United Kingdom of Great Britain and Northern Ireland","5110","Area","6633","Temporary meadows and pastures","2019","2019","1000 ha","1193.4215","A","Official figure",""
"RL","Land Use","826","United Kingdom of Great Britain and Northern Ireland","5110","Area","6633","Temporary meadows and pastures","2020","2020","1000 ha","1181.0195","A","Official figure",""
"RL","Land Use","826","United Kingdom of Great Britain and Northern Ireland","5110","Area","6640","Temporary fallow","2019","2019","1000 ha","224.2612","A","Official figure",""
"RL","Land Use","826","United Kingdom of Great Britain and Northern Ireland","5110","Area","6640","Temporary fallow","2020","2020","1000 ha","361.9842","A","Official figure",""
"RL","Land Use","826","United Kingdom of Great Britain and Northern Ireland","5110","Area","6650","Permanent crops","2019","2019","1000 ha","45.944","A","Official figure",""
"RL","Land Use","826","United Kingdom of Great Britain and Northern Ireland","7208","Share in Agricultural land","6650","Permanent crops","2019","2019","%","0.26","A","Official figure",""
"RL","Land Use","826","United Kingdom of Great Britain and Northern Ireland","5110","Area","6650","Permanent crops","2020","2020","1000 ha","45.0939","A","Official figure",""
"RL","Land Use","826","United Kingdom of Great Britain and Northern Ireland","7208","Share in Agricultural land","6650","Permanent crops","2020","2020","%","0.26","A","Official figure",""
"RL","Land Use","826","United Kingdom of Great Britain and Northern Ireland","5110","Area","6655","Permanent meadows and pastures","2019","2019","1000 ha","11389.7538","A","Official figure",""
"RL","Land Use","826","United Kingdom of Great Britain and Northern Ireland","7208","Share in Agricultural land","6655","Permanent meadows and pastures","2019","2019","%","65.01","A","Official figure",""
"RL","Land Use","826","United Kingdom of Great Britain and Northern Ireland","7209","Share in Land area","6655","Permanent meadows and pastures","2019","2019","%","47.08","A","Official figure",""
"RL","Land Use","826","United Kingdom of Great Britain and Northern Ireland","5110","Area","6655","Permanent meadows and pastures","2020","2020","1000 ha","11235.702","A","Official figure",""
"RL","Land Use","826","United Kingdom of Great Britain and Northern Ireland","7208","Share in Agricultural land","6655","Permanent meadows and pastures","2020","2020","%","65.1","A","Official figure",""
"RL","Land Use","826","United Kingdom of Great Britain and Northern Ireland","7209","Share in Land area","6655","Permanent meadows and pastures","2020","2020","%","46.44","A","Official figure",""
"RL","Land Use","826","United Kingdom of Great Britain and Northern Ireland","5110","Area","6656","Perm. meadows & pastures - Cultivated","2019","2019","1000 ha","6206.957","A","Official figure",""
"RL","Land Use","826","United Kingdom of Great Britain and Northern Ireland","5110","Area","6656","Perm. meadows & pastures - Cultivated","2020","2020","1000 ha","6118.2915","A","Official figure",""
"RL","Land Use","826","United Kingdom of Great Britain and Northern Ireland","5110","Area","6659","Perm. meadows & pastures - Nat. growing","2019","2019","1000 ha","5182.7968","A","Official figure",""
"RL","Land Use","826","United Kingdom of Great Britain and Northern Ireland","5110","Area","6659","Perm. meadows & pastures - Nat. growing","2020","2020","1000 ha","5117.4106","A","Official figure",""
"RL","Land Use","826","United Kingdom of Great Britain and Northern Ireland","5110","Area","6646","Forest land","2019","2019","1000 ha","3182","A","Official figure",""
"RL","Land Use","826","United Kingdom of Great Britain and Northern Ireland","72151","Carbon stock in living biomass","6646","Forest land","2019","2019","million t","248.196","A","Official figure",""
"RL","Land Use","826","United Kingdom of Great Britain and Northern Ireland","7209","Share in Land area","6646","Forest land","2019","2019","%","13.15","A","Official figure",""
"RL","Land Use","826","United Kingdom of Great Britain and Northern Ireland","5110","Area","6646","Forest land","2020","2020","1000 ha","3190","A","Official figure",""
"RL","Land Use","826","United Kingdom of Great Britain and Northern Ireland","72151","Carbon stock in living biomass","6646","Forest land","2020","2020","million t","252.01","A","Official figure",""
"RL","Land Use","826","United Kingdom of Great Britain and Northern Ireland","7209","Share in Land area","6646","Forest land","2020","2020","%","13.19","A","Official figure",""
"RL","Land Use","826","United Kingdom of Great Britain and Northern Ireland","5110","Area","6717","Naturally regenerating forest","2019","2019","1000 ha","344","A","Official figure",""
"RL","Land Use","826","United Kingdom of Great Britain and Northern Ireland","7210","Share in Forest land","6717","Naturally regenerating forest","2019","2019","%","10.81","A","Official figure",""
"RL","Land Use","826","United Kingdom of Great Britain and Northern Ireland","5110","Area","6717","Naturally regenerating forest","2020","2020","1000 ha","344","A","Official figure",""
"RL","Land Use","826","United Kingdom of Great Britain and Northern Ireland","7210","Share in Forest land","6717","Naturally regenerating forest","2020","2020","%","10.78","A","Official figure",""
"RL","Land Use","826","United Kingdom of Great Britain and Northern Ireland","5110","Area","6716","Planted Forest","2019","2019","1000 ha","2838","A","Official figure",""
"RL","Land Use","826","United Kingdom of Great Britain and Northern Ireland","7210","Share in Forest land","6716","Planted Forest","2019","2019","%","89.19","A","Official figure",""
"RL","Land Use","826","United Kingdom of Great Britain and Northern Ireland","5110","Area","6716","Planted Forest","2020","2020","1000 ha","2846","A","Official figure",""
"RL","Land Use","826","United Kingdom of Great Britain and Northern Ireland","7210","Share in Forest land","6716","Planted Forest","2020","2020","%","89.22","A","Official figure",""
"RL","Land Use","826","United Kingdom of Great Britain and Northern Ireland","5110","Area","6670","Other land","2019","2019","1000 ha","3195.1834","I","Imputed value",""
"RL","Land Use","826","United Kingdom of Great Britain and Northern Ireland","5110","Area","6670","Other land","2020","2020","1000 ha","3440.6377","I","Imputed value",""
"RL","Land Use","826","United Kingdom of Great Britain and Northern Ireland","5110","Area","6680","Inland waters","2019","2019","1000 ha","168","I","Imputed value",""
"RL","Land Use","826","United Kingdom of Great Britain and Northern Ireland","5110","Area","6680","Inland waters","2020","2020","1000 ha","168","I","Imputed value",""
"RL","Land Use","826","United Kingdom of Great Britain and Northern Ireland","5110","Area","6690","Land area equipped for irrigation","2019","2019","1000 ha","207.6","I","Imputed value",""
"RL","Land Use","826","United Kingdom of Great Britain and Northern Ireland","7252","Share in Cropland","6690","Land area equipped for irrigation","2019","2019","%","3.39","E","Estimated value",""
"RL","Land Use","826","United Kingdom of Great Britain and Northern Ireland","5110","Area","6690","Land area equipped for irrigation","2020","2020","1000 ha","207.6","I","Imputed value",""
"RL","Land Use","826","United Kingdom of Great Britain and Northern Ireland","7252","Share in Cropland","6690","Land area equipped for irrigation","2020","2020","%","3.45","E","Estimated value",""
"RL","Land Use","826","United Kingdom of Great Britain and Northern Ireland","5110","Area","6671","Agriculture area under organic agric.","2019","2019","1000 ha","465.4443","A","Official figure",""
"RL","Land Use","826","United Kingdom of Great Britain and Northern Ireland","7208","Share in Agricultural land","6671","Agriculture area under organic agric.","2019","2019","%","2.66","A","Official figure",""
"RL","Land Use","826","United Kingdom of Great Britain and Northern Ireland","5110","Area","6671","Agriculture area under organic agric.","2020","2020","1000 ha","470.2177","A","Official figure",""
"RL","Land Use","826","United Kingdom of Great Britain and Northern Ireland","7208","Share in Agricultural land","6671","Agriculture area under organic agric.","2020","2020","%","2.72","A","Official figure",""
"RL","Land Use","826","United Kingdom of Great Britain and Northern Ireland","5110","Area","6672","Agriculture area certified organic","2019","2019","1000 ha","438.5519","A","Official figure",""
"RL","Land Use","826","United Kingdom of Great Britain and Northern Ireland","5110","Area","6672","Agriculture area certified organic","2020","2020","1000 ha","439.9421","A","Official figure",""
"RL","Land Use","826","United Kingdom of Great Britain and Northern Ireland","5110","Area","6668","Cropland area under organic agric.","2019","2019","1000 ha","160.0234","A","Official figure",""
"RL","Land Use","826","United Kingdom of Great Britain and Northern Ireland","5110","Area","6668","Cropland area under organic agric.","2020","2020","1000 ha","165.7325","A","Official figure",""
"RL","Land Use","826","United Kingdom of Great Britain and Northern Ireland","5110","Area","6669","Cropland area certified organic","2019","2019","1000 ha","148.539","A","Official figure",""
"RL","Land Use","826","United Kingdom of Great Britain and Northern Ireland","5110","Area","6669","Cropland area certified organic","2020","2020","1000 ha","152.8216","A","Official figure",""
"RL","Land Use","826","United Kingdom of Great Britain and Northern Ireland","5110","Area","6681","Perm. meadows & pastures area under organic agric.","2019","2019","1000 ha","305.4209","A","Official figure",""
"RL","Land Use","826","United Kingdom of Great Britain and Northern Ireland","5110","Area","6681","Perm. meadows & pastures area under organic agric.","2020","2020","1000 ha","304.4851","A","Official figure",""
"RL","Land Use","826","United Kingdom of Great Britain and Northern Ireland","5110","Area","6682","Perm. meadows & pastures area certified organic","2019","2019","1000 ha","290.0129","A","Official figure",""
"RL","Land Use","826","United Kingdom of Great Britain and Northern Ireland","5110","Area","6682","Perm. meadows & pastures area certified organic","2020","2020","1000 ha","287.1204","A","Official figure",""
