cds_id	Pathway_category	Pathway_group	Pathway_name	Pathway_number	K_number
NODE_A12_length_15305_cov_21.290846_NL_19100_sum_mid_d_CDS_0015	Metabolism	Global and overview maps	Metabolic pathways	01100	K00370
NODE_A10_length_37053_cov_15.348794_PT_19407_sum_rec_d_CDS_0041	Metabolism	Global and overview maps	Metabolic pathways	01100	K00692
NODE_A1_length_40854_cov_47.014028_PT_19410_sum_mid_d_CDS_0025	Metabolism	Global and overview maps	Metabolic pathways	01100	K00692
NODE_A1_length_122593_cov_283.900421_PT_19414_sum_rec_d_CDS_0177	Metabolism	Global and overview maps	Metabolic pathways	01100	K00692
NODE_A2_length_83442_cov_104.378276_PT_19408_sum_rec_d_CDS_0024	Metabolism	Global and overview maps	Metabolic pathways	01100	K00692
NODE_A3_length_45605_cov_104.639321_PT_19412_sum_mid_d_CDS_0054	Metabolism	Global and overview maps	Metabolic pathways	01100	K00692
NODE_B1_length_44820_cov_61.222918_PT_19411_sum_rec_d_CDS_0059	Metabolism	Global and overview maps	Metabolic pathways	01100	K00692
NODE_A2_length_99285_cov_29.427143_BE_16556_sum_rec_d_CDS_0064	Metabolism	Global and overview maps	Metabolic pathways	01100	K00973
NODE_A2_length_45753_cov_831.549501_PT_19407_aut_rec_d_CDS_0018	Metabolism	Global and overview maps	Metabolic pathways	01100	K01581
NODE_A1_length_97332_cov_23.289198_DE_18032_sum_ile_d_CDS_0107	Metabolism	Global and overview maps	Metabolic pathways	01100	K01634
NODE_A4_length_32467_cov_10.817567_DE_18027_spr_mid_d_CDS_0014	Metabolism	Global and overview maps	Metabolic pathways	01100	K01737
NODE_A1_length_128816_cov_395.601100_BE_16562_aut_mid_d_CDS_0043	Metabolism	Global and overview maps	Metabolic pathways	01100	K01790
NODE_A1_length_121906_cov_70.168786_NL_19100_sum_rec_d_CDS_0056	Metabolism	Global and overview maps	Metabolic pathways	01100	K01790
NODE_A1_length_119965_cov_114.235220_PT_19411_spr_mid_d_CDS_0003	Metabolism	Global and overview maps	Metabolic pathways	01100	K01790
NODE_A2_length_99285_cov_29.427143_BE_16556_sum_rec_d_CDS_0063	Metabolism	Global and overview maps	Metabolic pathways	01100	K01790
NODE_A2_length_45115_cov_1558.928061_BE_16563_sum_ile_d_CDS_0052	Metabolism	Global and overview maps	Metabolic pathways	01100	K01921
NODE_A2_length_45753_cov_831.549501_PT_19407_aut_rec_d_CDS_0034	Metabolism	Global and overview maps	Metabolic pathways	01100	K01921
NODE_A5_length_25276_cov_14.523989_DE_18027_spr_mid_d_CDS_0038	Metabolism	Global and overview maps	Metabolic pathways	01100	K01921
NODE_A9_length_32693_cov_12.734394_DE_18029_spr_rec_d_CDS_0043	Metabolism	Global and overview maps	Metabolic pathways	01100	K01921
NODE_A1_length_76623_cov_51.863481_NL_19104_aut_ile_d_CDS_0020	Metabolism	Global and overview maps	Metabolic pathways	01100	K01951
NODE_A2_length_51263_cov_183.782206_BE_16560_sum_rec_d_CDS_0046	Metabolism	Global and overview maps	Metabolic pathways	01100	K02112
NODE_A8_length_32127_cov_18.566615_DE_18028_aut_ile_g_CDS_0047	Metabolism	Global and overview maps	Metabolic pathways	01100	K03526
NODE_A1_length_97332_cov_23.289198_DE_18032_sum_ile_d_CDS_0043	Metabolism	Global and overview maps	Metabolic pathways	01100	K06211
NODE_A4_length_32467_cov_10.817567_DE_18027_spr_mid_d_CDS_0017	Metabolism	Global and overview maps	Metabolic pathways	01100	K06920
NODE_A1V_length_70723V67263_cov_25.197562_UK_24337_sum_rec_d_CDS_0066	Metabolism	Global and overview maps	Metabolic pathways	01100	K09882
NODE_A1V_length_70723V67263_cov_25.197562_UK_24337_sum_rec_d_CDS_0067	Metabolism	Global and overview maps	Metabolic pathways	01100	K09883
NODE_A4_length_32467_cov_10.817567_DE_18027_spr_mid_d_CDS_0020	Metabolism	Global and overview maps	Metabolic pathways	01100	K10026
NODE_A1_length_104834_cov_139.998234_NL_20378_aut_mid_d_CDS_0074	Metabolism	Global and overview maps	Metabolic pathways	01100	K21636
NODE_A1_length_122593_cov_283.900421_PT_19414_sum_rec_d_CDS_0138	Metabolism	Global and overview maps	Metabolic pathways	01100	K21636
NODE_A2_length_83442_cov_104.378276_PT_19408_sum_rec_d_CDS_0025	Metabolism	Global and overview maps	Metabolic pathways	01100	K21636
NODE_A2_length_99285_cov_29.427143_BE_16556_sum_rec_d_CDS_0064	Metabolism	Global and overview maps	Biosynthesis of secondary metabolites	01110	K00973
NODE_A2_length_45753_cov_831.549501_PT_19407_aut_rec_d_CDS_0018	Metabolism	Global and overview maps	Biosynthesis of secondary metabolites	01110	K01581
NODE_A1_length_128816_cov_395.601100_BE_16562_aut_mid_d_CDS_0043	Metabolism	Global and overview maps	Biosynthesis of secondary metabolites	01110	K01790
NODE_A1_length_121906_cov_70.168786_NL_19100_sum_rec_d_CDS_0056	Metabolism	Global and overview maps	Biosynthesis of secondary metabolites	01110	K01790
NODE_A1_length_119965_cov_114.235220_PT_19411_spr_mid_d_CDS_0003	Metabolism	Global and overview maps	Biosynthesis of secondary metabolites	01110	K01790
NODE_A2_length_99285_cov_29.427143_BE_16556_sum_rec_d_CDS_0063	Metabolism	Global and overview maps	Biosynthesis of secondary metabolites	01110	K01790
NODE_A8_length_32127_cov_18.566615_DE_18028_aut_ile_g_CDS_0047	Metabolism	Global and overview maps	Biosynthesis of secondary metabolites	01110	K03526
NODE_A12_length_15305_cov_21.290846_NL_19100_sum_mid_d_CDS_0015	Metabolism	Global and overview maps	Microbial metabolism in diverse environments	01120	K00370
NODE_A1_length_76623_cov_51.863481_NL_19104_aut_ile_d_CDS_0020	Metabolism	Global and overview maps	Nucleotide metabolism	01232	K01951
NODE_A1_length_104834_cov_139.998234_NL_20378_aut_mid_d_CDS_0074	Metabolism	Global and overview maps	Nucleotide metabolism	01232	K21636
NODE_A1_length_122593_cov_283.900421_PT_19414_sum_rec_d_CDS_0138	Metabolism	Global and overview maps	Nucleotide metabolism	01232	K21636
NODE_A2_length_83442_cov_104.378276_PT_19408_sum_rec_d_CDS_0025	Metabolism	Global and overview maps	Nucleotide metabolism	01232	K21636
NODE_A2_length_99285_cov_29.427143_BE_16556_sum_rec_d_CDS_0064	Metabolism	Global and overview maps	Biosynthesis of nucleotide sugars	01250	K00973
NODE_A1_length_128816_cov_395.601100_BE_16562_aut_mid_d_CDS_0043	Metabolism	Global and overview maps	Biosynthesis of nucleotide sugars	01250	K01790
NODE_A1_length_121906_cov_70.168786_NL_19100_sum_rec_d_CDS_0056	Metabolism	Global and overview maps	Biosynthesis of nucleotide sugars	01250	K01790
NODE_A1_length_119965_cov_114.235220_PT_19411_spr_mid_d_CDS_0003	Metabolism	Global and overview maps	Biosynthesis of nucleotide sugars	01250	K01790
NODE_A2_length_99285_cov_29.427143_BE_16556_sum_rec_d_CDS_0063	Metabolism	Global and overview maps	Biosynthesis of nucleotide sugars	01250	K01790
NODE_A4_length_32467_cov_10.817567_DE_18027_spr_mid_d_CDS_0014	Metabolism	Global and overview maps	Biosynthesis of cofactors	01240	K01737
NODE_A1V_length_70723V67263_cov_25.197562_UK_24337_sum_rec_d_CDS_0066	Metabolism	Global and overview maps	Biosynthesis of cofactors	01240	K09882
NODE_A1V_length_70723V67263_cov_25.197562_UK_24337_sum_rec_d_CDS_0067	Metabolism	Global and overview maps	Biosynthesis of cofactors	01240	K09883
NODE_A12_length_15305_cov_21.290846_NL_19100_sum_mid_d_CDS_0015	Metabolism	Global and overview maps	Nitrogen cycle	01310	K00370
NODE_A10_length_37053_cov_15.348794_PT_19407_sum_rec_d_CDS_0041	Metabolism	Carbohydrate metabolism	Starch and sucrose metabolism	00500	K00692
NODE_A1_length_40854_cov_47.014028_PT_19410_sum_mid_d_CDS_0025	Metabolism	Carbohydrate metabolism	Starch and sucrose metabolism	00500	K00692
NODE_A1_length_122593_cov_283.900421_PT_19414_sum_rec_d_CDS_0177	Metabolism	Carbohydrate metabolism	Starch and sucrose metabolism	00500	K00692
NODE_A2_length_83442_cov_104.378276_PT_19408_sum_rec_d_CDS_0024	Metabolism	Carbohydrate metabolism	Starch and sucrose metabolism	00500	K00692
NODE_A3_length_45605_cov_104.639321_PT_19412_sum_mid_d_CDS_0054	Metabolism	Carbohydrate metabolism	Starch and sucrose metabolism	00500	K00692
NODE_B1_length_44820_cov_61.222918_PT_19411_sum_rec_d_CDS_0059	Metabolism	Carbohydrate metabolism	Starch and sucrose metabolism	00500	K00692
NODE_A2_length_51263_cov_183.782206_BE_16560_sum_rec_d_CDS_0046	Metabolism	Energy metabolism	Oxidative phosphorylation	00190	K02112
NODE_A2_length_51263_cov_183.782206_BE_16560_sum_rec_d_CDS_0046	Metabolism	Energy metabolism	Photosynthesis	00195	K02112
NODE_A12_length_15305_cov_21.290846_NL_19100_sum_mid_d_CDS_0015	Metabolism	Energy metabolism	Nitrogen metabolism	00910	K00370
NODE_A1_length_97332_cov_23.289198_DE_18032_sum_ile_d_CDS_0107	Metabolism	Lipid metabolism	Sphingolipid metabolism	00600	K01634
NODE_A1_length_76623_cov_51.863481_NL_19104_aut_ile_d_CDS_0020	Metabolism	Nucleotide metabolism	Purine metabolism	00230	K01951
NODE_A1_length_104834_cov_139.998234_NL_20378_aut_mid_d_CDS_0074	Metabolism	Nucleotide metabolism	Purine metabolism	00230	K21636
NODE_A1_length_122593_cov_283.900421_PT_19414_sum_rec_d_CDS_0138	Metabolism	Nucleotide metabolism	Purine metabolism	00230	K21636
NODE_A2_length_83442_cov_104.378276_PT_19408_sum_rec_d_CDS_0025	Metabolism	Nucleotide metabolism	Purine metabolism	00230	K21636
NODE_A1_length_104834_cov_139.998234_NL_20378_aut_mid_d_CDS_0074	Metabolism	Nucleotide metabolism	Pyrimidine metabolism	00240	K21636
NODE_A1_length_122593_cov_283.900421_PT_19414_sum_rec_d_CDS_0138	Metabolism	Nucleotide metabolism	Pyrimidine metabolism	00240	K21636
NODE_A2_length_83442_cov_104.378276_PT_19408_sum_rec_d_CDS_0025	Metabolism	Nucleotide metabolism	Pyrimidine metabolism	00240	K21636
NODE_A2_length_45753_cov_831.549501_PT_19407_aut_rec_d_CDS_0018	Metabolism	Amino acid metabolism	Arginine and proline metabolism	00330	K01581
NODE_A2_length_45115_cov_1558.928061_BE_16563_sum_ile_d_CDS_0052	Metabolism	Metabolism of other amino acids	D-Amino acid metabolism	00470	K01921
NODE_A2_length_45753_cov_831.549501_PT_19407_aut_rec_d_CDS_0034	Metabolism	Metabolism of other amino acids	D-Amino acid metabolism	00470	K01921
NODE_A5_length_25276_cov_14.523989_DE_18027_spr_mid_d_CDS_0038	Metabolism	Metabolism of other amino acids	D-Amino acid metabolism	00470	K01921
NODE_A9_length_32693_cov_12.734394_DE_18029_spr_rec_d_CDS_0043	Metabolism	Metabolism of other amino acids	D-Amino acid metabolism	00470	K01921
NODE_A2_length_45753_cov_831.549501_PT_19407_aut_rec_d_CDS_0018	Metabolism	Metabolism of other amino acids	Glutathione metabolism	00480	K01581
NODE_A2_length_99285_cov_29.427143_BE_16556_sum_rec_d_CDS_0064	Metabolism	Glycan biosynthesis and metabolism	Amino sugar and nucleotide sugar metabolism	00520	K00973
NODE_A2_length_99285_cov_29.427143_BE_16556_sum_rec_d_CDS_0064	Metabolism	Glycan biosynthesis and metabolism	Biosynthesis of various nucleotide sugars	00541	K00973
NODE_A1_length_128816_cov_395.601100_BE_16562_aut_mid_d_CDS_0043	Metabolism	Glycan biosynthesis and metabolism	Biosynthesis of various nucleotide sugars	00541	K01790
NODE_A1_length_121906_cov_70.168786_NL_19100_sum_rec_d_CDS_0056	Metabolism	Glycan biosynthesis and metabolism	Biosynthesis of various nucleotide sugars	00541	K01790
NODE_A1_length_119965_cov_114.235220_PT_19411_spr_mid_d_CDS_0003	Metabolism	Glycan biosynthesis and metabolism	Biosynthesis of various nucleotide sugars	00541	K01790
NODE_A2_length_99285_cov_29.427143_BE_16556_sum_rec_d_CDS_0063	Metabolism	Glycan biosynthesis and metabolism	Biosynthesis of various nucleotide sugars	00541	K01790
NODE_A2_length_45115_cov_1558.928061_BE_16563_sum_ile_d_CDS_0052	Metabolism	Glycan biosynthesis and metabolism	Peptidoglycan biosynthesis	00550	K01921
NODE_A2_length_45753_cov_831.549501_PT_19407_aut_rec_d_CDS_0034	Metabolism	Glycan biosynthesis and metabolism	Peptidoglycan biosynthesis	00550	K01921
NODE_A5_length_25276_cov_14.523989_DE_18027_spr_mid_d_CDS_0038	Metabolism	Glycan biosynthesis and metabolism	Peptidoglycan biosynthesis	00550	K01921
NODE_A9_length_32693_cov_12.734394_DE_18029_spr_rec_d_CDS_0043	Metabolism	Glycan biosynthesis and metabolism	Peptidoglycan biosynthesis	00550	K01921
NODE_A1_length_97332_cov_23.289198_DE_18032_sum_ile_d_CDS_0043	Metabolism	Metabolism of cofactors and vitamins	Nicotinate and nicotinamide metabolism	00760	K06211
NODE_A4_length_32467_cov_10.817567_DE_18027_spr_mid_d_CDS_0014	Metabolism	Metabolism of cofactors and vitamins	Folate biosynthesis	00790	K01737
NODE_A4_length_32467_cov_10.817567_DE_18027_spr_mid_d_CDS_0017	Metabolism	Metabolism of cofactors and vitamins	Folate biosynthesis	00790	K06920
NODE_A4_length_32467_cov_10.817567_DE_18027_spr_mid_d_CDS_0020	Metabolism	Metabolism of cofactors and vitamins	Folate biosynthesis	00790	K10026
NODE_A1V_length_70723V67263_cov_25.197562_UK_24337_sum_rec_d_CDS_0066	Metabolism	Metabolism of cofactors and vitamins	Porphyrin metabolism	00860	K09882
NODE_A1V_length_70723V67263_cov_25.197562_UK_24337_sum_rec_d_CDS_0067	Metabolism	Metabolism of cofactors and vitamins	Porphyrin metabolism	00860	K09883
NODE_A8_length_32127_cov_18.566615_DE_18028_aut_ile_g_CDS_0047	Metabolism	Metabolism of terpenoids and polyketides	Terpenoid backbone biosynthesis	00900	K03526
NODE_A2_length_99285_cov_29.427143_BE_16556_sum_rec_d_CDS_0064	Metabolism	Metabolism of terpenoids and polyketides	Polyketide sugar unit biosynthesis	00523	K00973
NODE_A1_length_128816_cov_395.601100_BE_16562_aut_mid_d_CDS_0043	Metabolism	Metabolism of terpenoids and polyketides	Polyketide sugar unit biosynthesis	00523	K01790
NODE_A1_length_121906_cov_70.168786_NL_19100_sum_rec_d_CDS_0056	Metabolism	Metabolism of terpenoids and polyketides	Polyketide sugar unit biosynthesis	00523	K01790
NODE_A1_length_119965_cov_114.235220_PT_19411_spr_mid_d_CDS_0003	Metabolism	Metabolism of terpenoids and polyketides	Polyketide sugar unit biosynthesis	00523	K01790
NODE_A2_length_99285_cov_29.427143_BE_16556_sum_rec_d_CDS_0063	Metabolism	Metabolism of terpenoids and polyketides	Polyketide sugar unit biosynthesis	00523	K01790
NODE_A2_length_99285_cov_29.427143_BE_16556_sum_rec_d_CDS_0064	Metabolism	Biosynthesis of other secondary metabolites	Streptomycin biosynthesis	00521	K00973
NODE_A1_length_128816_cov_395.601100_BE_16562_aut_mid_d_CDS_0043	Metabolism	Biosynthesis of other secondary metabolites	Streptomycin biosynthesis	00521	K01790
NODE_A1_length_121906_cov_70.168786_NL_19100_sum_rec_d_CDS_0056	Metabolism	Biosynthesis of other secondary metabolites	Streptomycin biosynthesis	00521	K01790
NODE_A1_length_119965_cov_114.235220_PT_19411_spr_mid_d_CDS_0003	Metabolism	Biosynthesis of other secondary metabolites	Streptomycin biosynthesis	00521	K01790
NODE_A2_length_99285_cov_29.427143_BE_16556_sum_rec_d_CDS_0063	Metabolism	Biosynthesis of other secondary metabolites	Streptomycin biosynthesis	00521	K01790
NODE_A2_length_99285_cov_29.427143_BE_16556_sum_rec_d_CDS_0064	Metabolism	Biosynthesis of other secondary metabolites	Acarbose and validamycin biosynthesis	00525	K00973
NODE_A1_length_76623_cov_51.863481_NL_19104_aut_ile_d_CDS_0020	Metabolism	Xenobiotics biodegradation and metabolism	Drug metabolism - other enzymes	00983	K01951
NODE_A6_length_36940_cov_107.101701_RO_17380_sum_rec_d_CDS_0033	Genetic Information Processing	Transcription	RNA polymerase	03020	K03043
NODE_A3_length_73857_cov_111.266495_NL_19103_aut_rec_d_CDS_0006	Genetic Information Processing	Translation	Aminoacyl-tRNA biosynthesis	00970	K01870
NODE_A12_length_39490_cov_20.473905_NL_19104_spr_rec_d_CDS_0043	Genetic Information Processing	Translation	Aminoacyl-tRNA biosynthesis	00970	K01883
NODE_A5_length_64341_cov_12.670017_NL_19100_aut_rec_d_CDS_0068	Genetic Information Processing	Folding, sorting and degradation	RNA degradation	03018	K00962
NODE_A4_length_72306_cov_67.097260_BE_16556_spr_mid_d_CDS_0027	Genetic Information Processing	Replication and repair	DNA replication	03030	K02314
NODE_A10_length_39966_cov_76.452581_BE_16556_sum_rec_d_CDS_0011	Genetic Information Processing	Information processing in viruses	Virion - Bacteriophages T4 and T7	03259	K26950
NODE_A11_length_39832_cov_71.284442_BE_16556_sum_rec_d_CDS_0011	Genetic Information Processing	Information processing in viruses	Virion - Bacteriophages T4 and T7	03259	K26950
NODE_A1_length_39368_cov_18.972996_FR_19773_sum_mid_d_CDS_0004	Genetic Information Processing	Information processing in viruses	Virion - Bacteriophages T4 and T7	03259	K26950
NODE_A1_length_39431_cov_79.547975_PT_19408_sum_mid_d_CDS_0045	Genetic Information Processing	Information processing in viruses	Virion - Bacteriophages T4 and T7	03259	K26950
NODE_A20_length_31906_cov_12.751170_BE_16556_sum_rec_d_CDS_0020	Genetic Information Processing	Information processing in viruses	Virion - Bacteriophages T4 and T7	03259	K26950
NODE_A5_length_40276_cov_18.781835_CH_17687_sum_rec_d_CDS_0017	Genetic Information Processing	Information processing in viruses	Virion - Bacteriophages T4 and T7	03259	K26950
NODE_A8_length_28547_cov_17.699860_BE_16563_sum_ile_d_CDS_0013	Genetic Information Processing	Information processing in viruses	Virion - Bacteriophages T4 and T7	03259	K26950
NODE_B1_length_39944_cov_20.497579_BE_16562_sum_mid_d_CDS_0017	Genetic Information Processing	Information processing in viruses	Virion - Bacteriophages T4 and T7	03259	K26950
NODE_B2_length_36570_cov_358.195270_RO_17381_sum_rec_d_CDS_0016	Genetic Information Processing	Information processing in viruses	Virion - Bacteriophages T4 and T7	03259	K26950
NODE_A1_length_116637_cov_139.406246_DE_18029_sum_rec_d_CDS_0082	Environmental Information Processing	Membrane transport	ABC transporters	02010	K12371
NODE_A12_length_15305_cov_21.290846_NL_19100_sum_mid_d_CDS_0015	Environmental Information Processing	Signal transduction	Two-component system	02020	K00370
NODE_A10_length_37053_cov_15.348794_PT_19407_sum_rec_d_CDS_0041	Environmental Information Processing	Signal transduction	Two-component system	02020	K00692
NODE_A1_length_40854_cov_47.014028_PT_19410_sum_mid_d_CDS_0025	Environmental Information Processing	Signal transduction	Two-component system	02020	K00692
NODE_A1_length_122593_cov_283.900421_PT_19414_sum_rec_d_CDS_0177	Environmental Information Processing	Signal transduction	Two-component system	02020	K00692
NODE_A2_length_83442_cov_104.378276_PT_19408_sum_rec_d_CDS_0024	Environmental Information Processing	Signal transduction	Two-component system	02020	K00692
NODE_A3_length_45605_cov_104.639321_PT_19412_sum_mid_d_CDS_0054	Environmental Information Processing	Signal transduction	Two-component system	02020	K00692
NODE_B1_length_44820_cov_61.222918_PT_19411_sum_rec_d_CDS_0059	Environmental Information Processing	Signal transduction	Two-component system	02020	K00692
NODE_A1_length_97332_cov_23.289198_DE_18032_sum_ile_d_CDS_0107	Environmental Information Processing	Signal transduction	Sphingolipid signaling pathway	04071	K01634
NODE_A2_length_45753_cov_831.549501_PT_19407_aut_rec_d_CDS_0018	Cellular Processes	Transport and catabolism	Efferocytosis	04148	K01581
NODE_A5_length_35715_cov_1058.818733_CH_17685_sum_rec_d_CDS_0026	Cellular Processes	Cell growth and death	Cell cycle - Caulobacter	04112	K01358
NODE_C1_length_35923_cov_36.824248_PT_19411_spr_rec_d_CDS_0026	Cellular Processes	Cell growth and death	Cell cycle - Caulobacter	04112	K01358
NODE_A4_length_72306_cov_67.097260_BE_16556_spr_mid_d_CDS_0027	Cellular Processes	Cell growth and death	Cell cycle - Caulobacter	04112	K02314
NODE_A4_length_72306_cov_67.097260_BE_16556_spr_mid_d_CDS_0031	Cellular Processes	Cell growth and death	Cell cycle - Caulobacter	04112	K03544
NODE_A5_length_35715_cov_1058.818733_CH_17685_sum_rec_d_CDS_0026	Organismal Systems	Aging	Longevity regulating pathway - worm	04212	K01358
NODE_C1_length_35923_cov_36.824248_PT_19411_spr_rec_d_CDS_0026	Organismal Systems	Aging	Longevity regulating pathway - worm	04212	K01358
NODE_A2_length_45115_cov_1558.928061_BE_16563_sum_ile_d_CDS_0052	Human Diseases	Drug resistance: antimicrobial	Vancomycin resistance	01502	K01921
NODE_A2_length_45753_cov_831.549501_PT_19407_aut_rec_d_CDS_0034	Human Diseases	Drug resistance: antimicrobial	Vancomycin resistance	01502	K01921
NODE_A5_length_25276_cov_14.523989_DE_18027_spr_mid_d_CDS_0038	Human Diseases	Drug resistance: antimicrobial	Vancomycin resistance	01502	K01921
NODE_A9_length_32693_cov_12.734394_DE_18029_spr_rec_d_CDS_0043	Human Diseases	Drug resistance: antimicrobial	Vancomycin resistance	01502	K01921
NODE_A4_length_38390_cov_69.781693_FR_19774_sum_rec_d_CDS_0011	NA	NA	NA	NA	K07171
NODE_A6_length_39653_cov_249.072013_BE_16558_sum_mid_d_CDS_0001	NA	NA	NA	NA	K07341
NODE_A9_length_26304_cov_158.847371_BE_16559_spr_ile_d_CDS_0029	NA	NA	NA	NA	K06918
NODE_A9_length_34638_cov_150.300570_UK_14500_sum_rec_d_CDS_0001	NA	NA	NA	NA	K04096
NODE_A10_length_39966_cov_76.452581_BE_16556_sum_rec_d_CDS_0011	NA	NA	NA	NA	K26950
NODE_A10_length_25980_cov_12.382157_NL_19104_aut_ile_d_CDS_0026	NA	NA	NA	NA	K07738
NODE_A10_length_37053_cov_15.348794_PT_19407_sum_rec_d_CDS_0041	NA	NA	NA	NA	K00692
NODE_A10_length_38873_cov_211.650351_PT_19413_sum_rec_d_CDS_0006	NA	NA	NA	NA	K16079
NODE_A11_length_39832_cov_71.284442_BE_16556_sum_rec_d_CDS_0011	NA	NA	NA	NA	K26950
NODE_A11_length_36928_cov_121.033269_CH_17688_aut_mid_d_CDS_0018	NA	NA	NA	NA	K06284
NODE_A12_length_50347_cov_116.639845_NL_19100_aut_rec_d_CDS_0067	NA	NA	NA	NA	K07010
NODE_A12_length_15305_cov_21.290846_NL_19100_sum_mid_d_CDS_0015	NA	NA	NA	NA	K00370
NODE_A12_length_39490_cov_20.473905_NL_19104_spr_rec_d_CDS_0043	NA	NA	NA	NA	K01883
NODE_A13_length_48065_cov_159.221680_NL_19100_aut_rec_d_CDS_0048	NA	NA	NA	NA	K09803
NODE_A13_length_48065_cov_159.221680_NL_19100_aut_rec_d_CDS_0061	NA	NA	NA	NA	K21498
NODE_A15_length_23817_cov_35.421567_DE_18032_sum_rec_d_CDS_0049	NA	NA	NA	NA	K20534
NODE_A17_length_24821_cov_63.887892_FR_19767_sum_rec_d_CDS_0032	NA	NA	NA	NA	K07497
NODE_A1V_length_70723V67263_cov_25.197562_UK_24337_sum_rec_d_CDS_0066	NA	NA	NA	NA	K09882
NODE_A1V_length_70723V67263_cov_25.197562_UK_24337_sum_rec_d_CDS_0067	NA	NA	NA	NA	K09883
NODE_A1_length_42876_cov_994.754574_BE_16556_spr_rec_d_CDS_0020	NA	NA	NA	NA	K03427
NODE_A1_length_64877_cov_246.015432_BE_16558_sum_rec_d_CDS_0021	NA	NA	NA	NA	K03791
NODE_A1_length_84617_cov_20.025905_BE_16560_aut_ile_d_CDS_0086	NA	NA	NA	NA	K09799
NODE_A1_length_128816_cov_395.601100_BE_16562_aut_mid_d_CDS_0043	NA	NA	NA	NA	K01790
NODE_A1_length_128816_cov_395.601100_BE_16562_aut_mid_d_CDS_0048	NA	NA	NA	NA	K09799
NODE_A1_length_38717_cov_24.980047_BE_16563_spr_rec_d_CDS_0042	NA	NA	NA	NA	K03791
NODE_A1_length_63711_cov_102.568517_CH_17687_sum_rec_d_CDS_0061	NA	NA	NA	NA	K03791
NODE_A1_length_116637_cov_139.406246_DE_18029_sum_rec_d_CDS_0082	NA	NA	NA	NA	K12371
NODE_A1_length_97332_cov_23.289198_DE_18032_sum_ile_d_CDS_0043	NA	NA	NA	NA	K06211
NODE_A1_length_97332_cov_23.289198_DE_18032_sum_ile_d_CDS_0107	NA	NA	NA	NA	K01634
NODE_A1_length_61968_cov_128.707647_DE_18033_aut_mid_d_CDS_0028	NA	NA	NA	NA	K03811
NODE_A1_length_146894_cov_474.593378_FR_19767_sum_rec_d_CDS_0065	NA	NA	NA	NA	K07341
NODE_A1_length_62210_cov_25.799044_FR_19772_spr_rec_d_CDS_0035	NA	NA	NA	NA	K03791
NODE_A1_length_62960_cov_112.012404_FR_19772_sum_rec_d_CDS_0047	NA	NA	NA	NA	K03791
NODE_A1_length_39368_cov_18.972996_FR_19773_sum_mid_d_CDS_0004	NA	NA	NA	NA	K26950
NODE_A1_length_50003_cov_64.571566_NL_19100_aut_mid_d_CDS_0031	NA	NA	NA	NA	K03791
NODE_A1_length_121906_cov_70.168786_NL_19100_sum_rec_d_CDS_0051	NA	NA	NA	NA	K09799
NODE_A1_length_121906_cov_70.168786_NL_19100_sum_rec_d_CDS_0056	NA	NA	NA	NA	K01790
NODE_A1_length_76623_cov_51.863481_NL_19104_aut_ile_d_CDS_0020	NA	NA	NA	NA	K01951
NODE_A1_length_104834_cov_139.998234_NL_20378_aut_mid_d_CDS_0074	NA	NA	NA	NA	K21636
NODE_A1_length_60988_cov_166.536619_PT_19407_spr_ile_d_CDS_0064	NA	NA	NA	NA	K03791
NODE_A1_length_39431_cov_79.547975_PT_19408_sum_mid_d_CDS_0045	NA	NA	NA	NA	K26950
NODE_A1_length_39776_cov_33.534396_PT_19410_sum_ile_d_CDS_0049	NA	NA	NA	NA	K16079
NODE_A1_length_40854_cov_47.014028_PT_19410_sum_mid_d_CDS_0025	NA	NA	NA	NA	K00692
NODE_A1_length_119965_cov_114.235220_PT_19411_spr_mid_d_CDS_0003	NA	NA	NA	NA	K01790
NODE_A1_length_50164_cov_64.828059_PT_19411_sum_rec_d_CDS_0039	NA	NA	NA	NA	K03791
NODE_A1_length_151991_cov_339.651750_PT_19412_aut_rec_d_CDS_0178	NA	NA	NA	NA	K07341
NODE_A1_length_33651_cov_116.577381_PT_19414_sum_mid_d_CDS_0041	NA	NA	NA	NA	K07341
NODE_A1_length_122593_cov_283.900421_PT_19414_sum_rec_d_CDS_0138	NA	NA	NA	NA	K21636
NODE_A1_length_122593_cov_283.900421_PT_19414_sum_rec_d_CDS_0177	NA	NA	NA	NA	K00692
NODE_A1_length_73530_cov_277.772249_RO_17363_spr_mid_d_CDS_0047	NA	NA	NA	NA	K03811
NODE_A1_length_32611_cov_28.840014_RO_17371_sum_ile_d_CDS_0002	NA	NA	NA	NA	K16079
NODE_A1_length_41242_cov_62.344200_RO_26022_aut_ile_d_CDS_0001	NA	NA	NA	NA	K04095
NODE_A1_length_95938_cov_75.466770_UK_14502_sum_rec_d_CDS_0104	NA	NA	NA	NA	K07341
NODE_A20_length_31906_cov_12.751170_BE_16556_sum_rec_d_CDS_0020	NA	NA	NA	NA	K26950
NODE_A24_length_28931_cov_55.129029_CH_17692_sum_ile_d_CDS_0032	NA	NA	NA	NA	K06218
NODE_A28V_length_26660V24921_cov_96.051010_CH_17692_sum_ile_d_CDS_0001	NA	NA	NA	NA	K07014
NODE_A28V_length_26660V24921_cov_96.051010_CH_17692_sum_ile_d_CDS_0034	NA	NA	NA	NA	K09803
NODE_A2_length_99285_cov_29.427143_BE_16556_sum_rec_d_CDS_0063	NA	NA	NA	NA	K01790
NODE_A2_length_99285_cov_29.427143_BE_16556_sum_rec_d_CDS_0064	NA	NA	NA	NA	K00973
NODE_A2_length_39819_cov_45.428464_BE_16560_sum_ile_d_CDS_0065	NA	NA	NA	NA	K16079
NODE_A2_length_51263_cov_183.782206_BE_16560_sum_rec_d_CDS_0046	NA	NA	NA	NA	K02112
NODE_A2_length_45115_cov_1558.928061_BE_16563_sum_ile_d_CDS_0052	NA	NA	NA	NA	K01921
NODE_A2_length_45115_cov_1558.928061_BE_16563_sum_ile_d_CDS_0062	NA	NA	NA	NA	K07010
NODE_A2_length_35267_cov_63.354874_CH_17688_sum_rec_d_CDS_0018	NA	NA	NA	NA	K03427
NODE_A2_length_41762_cov_61.987837_DE_18027_aut_ile_d_CDS_0062	NA	NA	NA	NA	K16079
NODE_A2_length_39047_cov_110.908365_DE_18028_aut_mid_g_CDS_0042	NA	NA	NA	NA	K16079
NODE_A2_length_37133_cov_252.401743_DE_18031_spr_rec_d_CDS_0006	NA	NA	NA	NA	K18843
NODE_A2_length_36940_cov_28.289016_FR_19770_aut_mid_d_CDS_0050	NA	NA	NA	NA	K18843
NODE_A2_length_39933_cov_59.603824_NL_19100_aut_mid_d_CDS_0039	NA	NA	NA	NA	K16079
NODE_A2_length_72276_cov_4315.735550_NL_19101_aut_rec_d_CDS_0074	NA	NA	NA	NA	K03791
NODE_A2_length_45753_cov_831.549501_PT_19407_aut_rec_d_CDS_0018	NA	NA	NA	NA	K01581
NODE_A2_length_45753_cov_831.549501_PT_19407_aut_rec_d_CDS_0034	NA	NA	NA	NA	K01921
NODE_A2_length_83442_cov_104.378276_PT_19408_sum_rec_d_CDS_0024	NA	NA	NA	NA	K00692
NODE_A2_length_83442_cov_104.378276_PT_19408_sum_rec_d_CDS_0025	NA	NA	NA	NA	K21636
NODE_A2_length_44969_cov_51.188675_PT_19409_aut_mid_d_CDS_0065	NA	NA	NA	NA	K18843
NODE_A2_length_44969_cov_51.188675_PT_19409_aut_mid_d_CDS_0066	NA	NA	NA	NA	K07339
NODE_A2_length_62530_cov_63.541383_RO_17363_sum_rec_d_CDS_0035	NA	NA	NA	NA	K03791
NODE_A2_length_62741_cov_73.680024_RO_17378_sum_rec_d_CDS_0033	NA	NA	NA	NA	K03791
NODE_A2_length_42703_cov_35.284545_RO_17382_aut_rec_d_CDS_0021	NA	NA	NA	NA	K04096
NODE_A2_length_49406_cov_132.288248_UK_14501_spr_rec_d_CDS_0036	NA	NA	NA	NA	K03791
NODE_A3_length_58747_cov_69.942304_BE_16557_spr_rec_d_CDS_0011	NA	NA	NA	NA	K07341
NODE_A3_length_65365_cov_68.944691_BE_16558_sum_mid_d_CDS_0005	NA	NA	NA	NA	K07341
NODE_A3_length_49750_cov_26.414773_CH_17687_aut_mid_d_CDS_0051	NA	NA	NA	NA	K05844
NODE_A3_length_49750_cov_26.414773_CH_17687_aut_mid_d_CDS_0057	NA	NA	NA	NA	K07010
NODE_A3_length_49709_cov_710.150629_CH_17690_sum_rec_d_CDS_0033	NA	NA	NA	NA	K18920
NODE_A3_length_49709_cov_710.150629_CH_17690_sum_rec_d_CDS_0056	NA	NA	NA	NA	K18843
NODE_A3_length_44098_cov_84.052566_DE_18027_aut_rec_d_CDS_0029	NA	NA	NA	NA	K03791
NODE_A3_length_73857_cov_111.266495_NL_19103_aut_rec_d_CDS_0006	NA	NA	NA	NA	K01870
NODE_A3_length_48680_cov_24.459704_NL_19104_aut_mid_d_CDS_0056	NA	NA	NA	NA	K09786
NODE_A3_length_48012_cov_30.499760_PT_19409_spr_rec_d_CDS_0002	NA	NA	NA	NA	K20534
NODE_A3_length_45605_cov_104.639321_PT_19412_sum_mid_d_CDS_0054	NA	NA	NA	NA	K00692
NODE_A4_length_72306_cov_67.097260_BE_16556_spr_mid_d_CDS_0027	NA	NA	NA	NA	K02314
NODE_A4_length_72306_cov_67.097260_BE_16556_spr_mid_d_CDS_0031	NA	NA	NA	NA	K03544
NODE_A4_length_63440_cov_172.443824_BE_16561_aut_rec_d_CDS_0018	NA	NA	NA	NA	K03791
NODE_A4_length_48207_cov_21.923935_CH_17686_sum_rec_d_CDS_0021	NA	NA	NA	NA	K18843
NODE_A4_length_32467_cov_10.817567_DE_18027_spr_mid_d_CDS_0014	NA	NA	NA	NA	K01737
NODE_A4_length_32467_cov_10.817567_DE_18027_spr_mid_d_CDS_0017	NA	NA	NA	NA	K06920
NODE_A4_length_32467_cov_10.817567_DE_18027_spr_mid_d_CDS_0020	NA	NA	NA	NA	K10026
NODE_A4_length_45366_cov_94.656296_DE_18028_aut_rec_d_CDS_0031	NA	NA	NA	NA	K20534
NODE_A4_length_38400_cov_37.798006_FR_19772_aut_rec_d_CDS_0022	NA	NA	NA	NA	K16079
NODE_A4_length_64621_cov_4243.825995_NL_19101_aut_rec_d_CDS_0070	NA	NA	NA	NA	K03791
NODE_A4_length_39615_cov_36.028479_NL_19104_aut_ile_d_CDS_0052	NA	NA	NA	NA	K03791
NODE_A4_length_44427_cov_73.045772_PT_19413_spr_mid_d_CDS_0020	NA	NA	NA	NA	K19166
NODE_A5_length_35715_cov_1058.818733_CH_17685_sum_rec_d_CDS_0026	NA	NA	NA	NA	K01358
NODE_A5_length_39342_cov_120.902636_CH_17687_aut_rec_d_CDS_0022	NA	NA	NA	NA	K16079
NODE_A5_length_40276_cov_18.781835_CH_17687_sum_rec_d_CDS_0017	NA	NA	NA	NA	K26950
NODE_A5_length_44214_cov_6419.272424_CH_17689_aut_rec_d_CDS_0036	NA	NA	NA	NA	K16079
NODE_A5_length_25276_cov_14.523989_DE_18027_spr_mid_d_CDS_0038	NA	NA	NA	NA	K01921
NODE_A5_length_64341_cov_12.670017_NL_19100_aut_rec_d_CDS_0068	NA	NA	NA	NA	K00962
NODE_A5_length_52996_cov_61.871445_RO_17377_sum_rec_d_CDS_0040	NA	NA	NA	NA	K07341
NODE_A6_length_37882_cov_30.016030_CH_17685_aut_rec_d_CDS_0052	NA	NA	NA	NA	K02528
NODE_A6_length_43914_cov_138.658827_FR_19767_sum_rec_d_CDS_0010	NA	NA	NA	NA	K03427
NODE_A6_length_43512_cov_16.707793_FR_19773_sum_rec_d_CDS_0002	NA	NA	NA	NA	K20534
NODE_A6_length_41315_cov_26.748533_PT_19412_sum_rec_d_CDS_0052	NA	NA	NA	NA	K21449
NODE_A6_length_36940_cov_107.101701_RO_17380_sum_rec_d_CDS_0033	NA	NA	NA	NA	K03043
NODE_A7_length_23816_cov_703.368339_BE_16563_spr_rec_d_CDS_0040	NA	NA	NA	NA	K05540
NODE_A7_length_38096_cov_109.990137_CH_17691_sum_rec_d_CDS_0017	NA	NA	NA	NA	K03791
NODE_A7_length_46568_cov_35.150674_PT_19407_spr_rec_d_CDS_0007	NA	NA	NA	NA	K03791
NODE_A7_length_36358_cov_39.650368_PT_19410_aut_rec_d_CDS_0027	NA	NA	NA	NA	K16079
NODE_A7_length_40924_cov_67.841286_PT_19412_sum_rec_d_CDS_0055	NA	NA	NA	NA	K20534
NODE_A7_length_38139_cov_90.861988_RO_17378_sum_rec_d_CDS_0006	NA	NA	NA	NA	K03427
NODE_A8_length_28547_cov_17.699860_BE_16563_sum_ile_d_CDS_0013	NA	NA	NA	NA	K26950
NODE_A8_length_32127_cov_18.566615_DE_18028_aut_ile_g_CDS_0047	NA	NA	NA	NA	K03526
NODE_A9_length_37470_cov_38.154387_BE_16557_aut_rec_d_CDS_0028	NA	NA	NA	NA	K16079
NODE_A9_length_32693_cov_12.734394_DE_18029_spr_rec_d_CDS_0043	NA	NA	NA	NA	K01921
NODE_A9_length_43988_cov_17.611783_UK_14502_sum_mid_d_CDS_0010	NA	NA	NA	NA	K07010
NODE_B1_length_58070_cov_347.852189_BE_16559_aut_rec_d_CDS_0047	NA	NA	NA	NA	K03791
NODE_B1_length_39944_cov_20.497579_BE_16562_sum_mid_d_CDS_0017	NA	NA	NA	NA	K26950
NODE_B1_length_44820_cov_61.222918_PT_19411_sum_rec_d_CDS_0059	NA	NA	NA	NA	K00692
NODE_B1_length_147888_cov_31.550683_RO_17377_sum_rec_d_CDS_0026	NA	NA	NA	NA	K07341
NODE_B1_length_55411_cov_69.338707_RO_17381_sum_rec_d_CDS_0032	NA	NA	NA	NA	K03791
NODE_B2_length_50082_cov_24.287251_FR_19773_sum_rec_d_CDS_0021	NA	NA	NA	NA	K03791
NODE_B2_length_61953_cov_117.692692_NL_19100_aut_rec_d_CDS_0037	NA	NA	NA	NA	K03791
NODE_B2_length_36570_cov_358.195270_RO_17381_sum_rec_d_CDS_0016	NA	NA	NA	NA	K26950
NODE_B3_length_40224_cov_17.155304_NL_19100_aut_rec_d_CDS_0022	NA	NA	NA	NA	K16079
NODE_B3_length_64785_cov_40.610805_NL_19103_aut_rec_d_CDS_0041	NA	NA	NA	NA	K03791
NODE_B4_length_37795_cov_64.621295_BE_16559_aut_rec_d_CDS_0038	NA	NA	NA	NA	K16079
NODE_B7_length_20754_cov_46.268076_BE_16563_aut_rec_d_CDS_0007	NA	NA	NA	NA	K07171
NODE_B7_length_25346_cov_13.578258_NL_19104_spr_rec_d_CDS_0022	NA	NA	NA	NA	K16079
NODE_B9_length_22220_cov_15.319424_NL_19100_aut_rec_d_CDS_0038	NA	NA	NA	NA	K05540
NODE_C1_length_35923_cov_36.824248_PT_19411_spr_rec_d_CDS_0026	NA	NA	NA	NA	K01358
